Graph,Core_Ratio,Repeat,Time (s),Modularity,NMI,F1_Score,ARI,Num_Communities
karate,0.0,0,0.0002739,0.0,0.0,0.3333333,0.0,1
karate,0.0,1,0.0001204,0.0,0.0,0.3333333,0.0,1
karate,0.0,2,0.0001211,0.0,0.0,0.3333333,0.0,1
karate,0.0,3,0.0001233,0.0,0.0,0.3333333,0.0,1
karate,0.0,4,0.0001166,0.0,0.0,0.3333333,0.0,1
karate,0.0,5,0.0001166,0.0,0.0,0.3333333,0.0,1
karate,0.0,6,0.0001152,0.0,0.0,0.3333333,0.0,1
karate,0.0,7,0.0001166,0.0,0.0,0.3333333,0.0,1
karate,0.0,8,0.0001304,0.0,0.0,0.3333333,0.0,1
karate,0.0,9,0.0001163,0.0,0.0,0.3333333,0.0,1
karate,0.1,0,0.0021625,0.3717949,0.677243,0.9411765,0.7716263,2
karate,0.1,1,0.0011902,0.3717949,0.677243,0.9411765,0.7716263,2
karate,0.1,2,0.0010126,0.3717949,0.677243,0.9411765,0.7716263,2
karate,0.1,3,0.0011606,0.3717949,0.677243,0.9411765,0.7716263,2
karate,0.1,4,0.0009787,0.3717949,0.677243,0.9411765,0.7716263,2
karate,0.1,5,0.0010681,0.3717949,0.677243,0.9411765,0.7716263,2
karate,0.1,6,0.0009842,0.3036654,0.3169932,0.7895668,0.3274021,2
karate,0.1,7,0.0010464,0.3717949,0.677243,0.9411765,0.7716263,2
karate,0.1,8,0.0010481,0.3717949,0.677243,0.9411765,0.7716263,2
karate,0.1,9,0.0010617,0.3523176,0.7323776,0.9409722,0.771725,2
karate,0.2,0,0.0014482,0.3523176,0.7323776,0.9409722,0.771725,2
karate,0.2,1,0.0011628,0.3717949,0.677243,0.9411765,0.7716263,2
karate,0.2,2,0.0009651,0.3717949,0.677243,0.9411765,0.7716263,2
karate,0.2,3,0.0012071,0.3717949,0.677243,0.9411765,0.7716263,2
karate,0.2,4,0.0012479,0.3717949,0.677243,0.9411765,0.7716263,2
karate,0.2,5,0.0012033,0.3523176,0.7323776,0.9409722,0.771725,2
karate,0.2,6,0.0010147,0.3717949,0.677243,0.9411765,0.7716263,2
karate,0.2,7,0.0010474,0.3717949,0.677243,0.9411765,0.7716263,2
karate,0.2,8,0.0009868,0.3523176,0.7323776,0.9409722,0.771725,2
karate,0.2,9,0.0013924,0.3717949,0.677243,0.9411765,0.7716263,2
karate,0.3,0,0.0011113,0.3717949,0.677243,0.9411765,0.7716263,2
karate,0.3,1,0.0010409,0.3717949,0.677243,0.9411765,0.7716263,2
karate,0.3,2,0.0010359,0.3717949,0.677243,0.9411765,0.7716263,2
karate,0.3,3,0.0010676,0.3717949,0.677243,0.9411765,0.7716263,2
karate,0.3,4,0.0010195,0.3717949,0.677243,0.9411765,0.7716263,2
karate,0.3,5,0.0009925,0.3717949,0.677243,0.9411765,0.7716263,2
karate,0.3,6,0.0010233,0.3717949,0.677243,0.9411765,0.7716263,2
karate,0.3,7,0.0010221,0.3717949,0.677243,0.9411765,0.7716263,2
karate,0.3,8,0.0009978,0.3717949,0.677243,0.9411765,0.7716263,2
karate,0.3,9,0.0009995,0.3717949,0.677243,0.9411765,0.7716263,2
karate,0.4,0,0.0016384,0.3806706,0.586559,0.8178571,0.6118493,3
karate,0.4,1,0.0011778,0.3806706,0.586559,0.8178571,0.6118493,3
karate,0.4,2,0.0009909,0.3806706,0.586559,0.8178571,0.6118493,3
karate,0.4,3,0.0011492,0.3806706,0.586559,0.8178571,0.6118493,3
karate,0.4,4,0.0010169,0.3806706,0.586559,0.8178571,0.6118493,3
karate,0.4,5,0.0012562,0.3806706,0.586559,0.8178571,0.6118493,3
karate,0.4,6,0.0011477,0.3806706,0.586559,0.8178571,0.6118493,3
karate,0.4,7,0.0010843,0.3806706,0.586559,0.8178571,0.6118493,3
karate,0.4,8,0.0009654,0.3806706,0.586559,0.8178571,0.6118493,3
karate,0.4,9,0.0011985,0.3806706,0.586559,0.8178571,0.6118493,3
karate,0.5,0,0.0013611,0.3806706,0.586559,0.8178571,0.6118493,3
karate,0.5,1,0.001044,0.3806706,0.586559,0.8178571,0.6118493,3
karate,0.5,2,0.0010219,0.3806706,0.586559,0.8178571,0.6118493,3
karate,0.5,3,0.0010419,0.3806706,0.586559,0.8178571,0.6118493,3
karate,0.5,4,0.0010643,0.3806706,0.586559,0.8178571,0.6118493,3
karate,0.5,5,0.0010281,0.3806706,0.586559,0.8178571,0.6118493,3
karate,0.5,6,0.0010405,0.3806706,0.586559,0.8178571,0.6118493,3
karate,0.5,7,0.0012538,0.3806706,0.586559,0.8178571,0.6118493,3
karate,0.5,8,0.0010464,0.3806706,0.586559,0.8178571,0.6118493,3
karate,0.5,9,0.0011396,0.3806706,0.586559,0.8178571,0.6118493,3
karate,0.6,0,0.0013921,0.3883136,0.4744837,0.514157,0.42549,4
karate,0.6,1,0.0012543,0.3883136,0.4744837,0.514157,0.42549,4
karate,0.6,2,0.0010717,0.3883136,0.4744837,0.514157,0.42549,4
karate,0.6,3,0.0013149,0.3883136,0.4744837,0.514157,0.42549,4
karate,0.6,4,0.0010495,0.3883136,0.4744837,0.514157,0.42549,4
karate,0.6,5,0.0013385,0.3883136,0.4744837,0.514157,0.42549,4
karate,0.6,6,0.0011132,0.3883136,0.4744837,0.3964286,0.42549,4
karate,0.6,7,0.0011895,0.3883136,0.4744837,0.3964286,0.42549,4
karate,0.6,8,0.0013697,0.3883136,0.4744837,0.514157,0.42549,4
karate,0.6,9,0.00107,0.3883136,0.4744837,0.514157,0.42549,4
karate,0.7,0,0.0021288,0.4155983,0.4976792,0.3896552,0.4292907,4
karate,0.7,1,0.0011406,0.4020381,0.5683801,0.5665991,0.5905529,3
karate,0.7,2,0.0010834,0.4155983,0.4976792,0.3896552,0.4292907,4
karate,0.7,3,0.0010836,0.4155983,0.4976792,0.3896552,0.4292907,4
karate,0.7,4,0.0010965,0.4020381,0.5683801,0.5665991,0.5905529,3
karate,0.7,5,0.0010903,0.4155983,0.4976792,0.3896552,0.4292907,4
karate,0.7,6,0.0011342,0.4155983,0.4976792,0.3896552,0.4292907,4
karate,0.7,7,0.0011306,0.4155983,0.4976792,0.3896552,0.4292907,4
karate,0.7,8,0.0013776,0.4155983,0.4976792,0.3896552,0.4292907,4
karate,0.7,9,0.0010853,0.4155983,0.4976792,0.3896552,0.4292907,4
karate,0.8,0,0.0015271,0.4020381,0.5683801,0.5665991,0.5905529,3
karate,0.8,1,0.0011873,0.4020381,0.5683801,0.5665991,0.5905529,3
karate,0.8,2,0.001122,0.4020381,0.5683801,0.5665991,0.5905529,3
karate,0.8,3,0.0011182,0.4020381,0.5683801,0.5665991,0.5905529,3
karate,0.8,4,0.0011599,0.4020381,0.5683801,0.5665991,0.5905529,3
karate,0.8,5,0.0012515,0.4020381,0.5683801,0.5665991,0.5905529,3
karate,0.8,6,0.0010996,0.4020381,0.5683801,0.5665991,0.5905529,3
karate,0.8,7,0.0012684,0.4020381,0.5683801,0.5665991,0.5905529,3
karate,0.8,8,0.0011218,0.4020381,0.5683801,0.5665991,0.5905529,3
karate,0.8,9,0.0014331,0.4020381,0.5683801,0.5665991,0.5905529,3
karate,0.9,0,0.0017869,0.4155983,0.4976792,0.3896552,0.4292907,4
karate,0.9,1,0.0011277,0.4155983,0.4976792,0.3896552,0.4292907,4
karate,0.9,2,0.001374,0.4155983,0.4976792,0.3896552,0.4292907,4
karate,0.9,3,0.0011053,0.4155983,0.4976792,0.3896552,0.4292907,4
karate,0.9,4,0.0012617,0.4155983,0.4976792,0.3896552,0.4292907,4
karate,0.9,5,0.0011849,0.4155983,0.4976792,0.3896552,0.4292907,4
karate,0.9,6,0.0013213,0.4155983,0.4976792,0.3896552,0.4292907,4
karate,0.9,7,0.0011387,0.4155983,0.4976792,0.3896552,0.4292907,4
karate,0.9,8,0.0011189,0.4155983,0.4976792,0.3896552,0.4292907,4
karate,0.9,9,0.0012951,0.4155983,0.4976792,0.3896552,0.4292907,4
karate,1.0,0,0.0003934,0.4197896,0.5878497,0.3860837,0.4645911,4
karate,1.0,1,0.000267,0.4197896,0.5878497,0.3860837,0.4645911,4
karate,1.0,2,0.0002718,0.4197896,0.5878497,0.3860837,0.4645911,4
karate,1.0,3,0.0002699,0.4197896,0.5878497,0.3860837,0.4645911,4
karate,1.0,4,0.0002298,0.4197896,0.5878497,0.3860837,0.4645911,4
karate,1.0,5,0.0002403,0.4197896,0.5878497,0.3860837,0.4645911,4
karate,1.0,6,0.0002334,0.4197896,0.5878497,0.3860837,0.4645911,4
karate,1.0,7,0.0002429,0.4197896,0.5878497,0.3860837,0.4645911,4
karate,1.0,8,0.0002511,0.4197896,0.5878497,0.3860837,0.4645911,4
karate,1.0,9,0.0002787,0.4197896,0.5878497,0.3860837,0.4645911,4
cora,0.0,0,0.0196004,0.2423767,0.1687335,0.0387088,0.0072333,26
cora,0.0,1,0.0189912,0.2423767,0.1687335,0.0387088,0.0072333,26
cora,0.0,2,0.0189557,0.2423767,0.1687335,0.0387088,0.0072333,26
cora,0.0,3,0.0189471,0.2423767,0.1687335,0.0387088,0.0072333,26
cora,0.0,4,0.018944,0.2423767,0.1687335,0.0387088,0.0072333,26
cora,0.0,5,0.0189414,0.2423767,0.1687335,0.0387088,0.0072333,26
cora,0.0,6,0.0188997,0.2423767,0.1687335,0.0387088,0.0072333,26
cora,0.0,7,0.0190494,0.2423767,0.1687335,0.0387088,0.0072333,26
cora,0.0,8,0.0188386,0.2423767,0.1687335,0.0387088,0.0072333,26
cora,0.0,9,0.0190034,0.2423767,0.1687335,0.0387088,0.0072333,26
cora,0.1,0,0.0308657,0.7099595,0.4191789,0.0252439,0.2402845,134
cora,0.1,1,0.029289,0.710604,0.4103976,0.0256069,0.2321561,129
cora,0.1,2,0.0258007,0.7084193,0.4139618,0.0246477,0.2361175,134
cora,0.1,3,0.025229,0.7092363,0.4154946,0.0237935,0.2344405,139
cora,0.1,4,0.0250874,0.7221277,0.4273878,0.0252062,0.2397543,134
cora,0.1,5,0.0287263,0.7132369,0.4163763,0.0249516,0.2335745,131
cora,0.1,6,0.0254393,0.712816,0.4271186,0.0255735,0.2507065,130
cora,0.1,7,0.0251899,0.7079692,0.4148715,0.0254836,0.2388164,130
cora,0.1,8,0.0289495,0.7157926,0.4236787,0.025603,0.2475729,133
cora,0.1,9,0.0327096,0.7144003,0.4095812,0.0242205,0.2256443,132
cora,0.2,0,0.0270357,0.7571514,0.4419757,0.046433,0.2703148,79
cora,0.2,1,0.0261211,0.7565088,0.4342703,0.0487217,0.274375,75
cora,0.2,2,0.0265694,0.759967,0.4423172,0.0495522,0.2693557,78
cora,0.2,3,0.0284922,0.7586587,0.4470043,0.0520601,0.2745482,70
cora,0.2,4,0.0295877,0.7585744,0.44233,0.0468545,0.2662131,76
cora,0.2,5,0.0232573,0.7606358,0.4452151,0.0519992,0.2799945,74
cora,0.2,6,0.0256042,0.7592055,0.4502707,0.0497271,0.2749848,74
cora,0.2,7,0.0265474,0.7611637,0.4427835,0.0530171,0.2912564,76
cora,0.2,8,0.0260162,0.7570255,0.4421341,0.0438267,0.2650542,83
cora,0.2,9,0.0263045,0.7557212,0.4408945,0.0454949,0.2689232,77
cora,0.3,0,0.0254912,0.7806788,0.4475725,0.0726453,0.2750242,53
cora,0.3,1,0.0273907,0.7789964,0.4387056,0.0679323,0.2616068,55
cora,0.3,2,0.0237818,0.7779007,0.4326273,0.069609,0.2692299,53
cora,0.3,3,0.0242918,0.7827585,0.4506205,0.0632872,0.2684636,57
cora,0.3,4,0.0235879,0.7782008,0.4402439,0.0714657,0.2767485,53
cora,0.3,5,0.0582399,0.7791098,0.4438118,0.0707265,0.2687584,53
cora,0.3,6,0.0242338,0.7770473,0.4453385,0.0722703,0.2979817,53
cora,0.3,7,0.0257368,0.7814223,0.4473477,0.0686104,0.267026,55
cora,0.3,8,0.0234907,0.7803584,0.4473926,0.0656017,0.2683603,56
cora,0.3,9,0.0250921,0.7790585,0.4530635,0.0673181,0.3021139,55
cora,0.4,0,0.027462,0.7854916,0.4515885,0.0885549,0.297987,47
cora,0.4,1,0.0260279,0.7884505,0.4511791,0.0781169,0.2933264,48
cora,0.4,2,0.0254078,0.7846656,0.437441,0.0821229,0.3009006,45
cora,0.4,3,0.0255811,0.7884445,0.4420663,0.0774162,0.2882722,48
cora,0.4,4,0.0249913,0.7867812,0.4508493,0.0785319,0.2977657,48
cora,0.4,5,0.0251043,0.7855621,0.4474351,0.083552,0.2940752,47
cora,0.4,6,0.0249958,0.7869025,0.4410354,0.0775926,0.2929141,48
cora,0.4,7,0.0256732,0.7845981,0.4378235,0.07559,0.2635294,51
cora,0.4,8,0.025259,0.7854983,0.4326104,0.0822489,0.2594174,46
cora,0.4,9,0.0251822,0.7877411,0.4369727,0.0847375,0.2942202,47
cora,0.5,0,0.0259111,0.7935661,0.4597056,0.0860941,0.2973295,44
cora,0.5,1,0.0259247,0.7945178,0.4503212,0.0843982,0.2884555,44
cora,0.5,2,0.0282369,0.7964882,0.4641194,0.0985853,0.3060928,42
cora,0.5,3,0.0251434,0.7949186,0.4544341,0.0830498,0.2831921,45
cora,0.5,4,0.0271888,0.7910442,0.4694891,0.0966912,0.3153659,43
cora,0.5,5,0.0249608,0.7942582,0.4566859,0.0844225,0.2793213,44
cora,0.5,6,0.0270398,0.7928211,0.454901,0.0869296,0.2847477,44
cora,0.5,7,0.0253062,0.7943327,0.4609174,0.09347,0.2877207,44
cora,0.5,8,0.0254884,0.7924034,0.4548459,0.0845495,0.2858987,46
cora,0.5,9,0.0268724,0.794131,0.4561015,0.0963113,0.2886859,44
cora,0.6,0,0.0281374,0.8010518,0.472995,0.1230865,0.2990087,31
cora,0.6,1,0.028162,0.8023972,0.4810599,0.1261647,0.318593,32
cora,0.6,2,0.02789,0.8015869,0.4753282,0.1329607,0.3073608,31
cora,0.6,3,0.0274785,0.8013401,0.4799049,0.1315531,0.3048892,30
cora,0.6,4,0.0615091,0.8022414,0.4848129,0.1293446,0.3228659,31
cora,0.6,5,0.0290372,0.8016998,0.4771264,0.1345122,0.3129663,31
cora,0.6,6,0.029047,0.8016022,0.471655,0.135973,0.3188886,32
cora,0.6,7,0.0273063,0.8007739,0.4809327,0.1304796,0.3276719,32
cora,0.6,8,0.0277414,0.8030317,0.4714884,0.1339982,0.307525,30
cora,0.6,9,0.0272517,0.8030577,0.4741889,0.1400561,0.3111091,30
cora,0.7,0,0.0302122,0.805979,0.4726418,0.1494816,0.311823,29
cora,0.7,1,0.0304105,0.8066259,0.4825959,0.1328678,0.3177268,30
cora,0.7,2,0.029567,0.8064214,0.4824405,0.1330154,0.3143917,30
cora,0.7,3,0.0293682,0.8078265,0.4752059,0.1442593,0.3091159,28
cora,0.7,4,0.0297401,0.8047309,0.4707098,0.1292724,0.2915788,31
cora,0.7,5,0.0295694,0.8065852,0.4718372,0.1336484,0.2858479,29
cora,0.7,6,0.0294642,0.8050908,0.4741219,0.1513171,0.3204913,29
cora,0.7,7,0.0292001,0.80644,0.4698806,0.1406599,0.2854163,29
cora,0.7,8,0.0300817,0.8076,0.4739411,0.1400178,0.3023122,30
cora,0.7,9,0.0292997,0.8068673,0.474627,0.1348097,0.3168628,30
cora,0.8,0,0.0319967,0.8093477,0.4704633,0.1317358,0.2887919,30
cora,0.8,1,0.031209,0.8109466,0.4750949,0.1459777,0.2641415,26
cora,0.8,2,0.0307043,0.8112354,0.4842111,0.1450295,0.299975,28
cora,0.8,3,0.0304575,0.810682,0.4765522,0.1614163,0.3132326,26
cora,0.8,4,0.030977,0.8098127,0.4776055,0.14516,0.3006773,28
cora,0.8,5,0.0308137,0.8109679,0.4823763,0.1385638,0.3075951,27
cora,0.8,6,0.0309901,0.8106162,0.4754417,0.1426011,0.2970506,28
cora,0.8,7,0.0306973,0.8100848,0.4627192,0.1632834,0.2969415,27
cora,0.8,8,0.0305595,0.8105182,0.4759708,0.1484168,0.3136253,27
cora,0.8,9,0.0305407,0.8097682,0.4755066,0.1533175,0.3072177,27
cora,0.9,0,0.0354974,0.8130652,0.4616879,0.1450478,0.268067,27
cora,0.9,1,0.0339036,0.8117872,0.4750494,0.1426902,0.2660444,28
cora,0.9,2,0.0332942,0.81218,0.4731017,0.1514307,0.2601334,26
cora,0.9,3,0.0340958,0.811689,0.471694,0.1270038,0.2876157,32
cora,0.9,4,0.0332375,0.8133849,0.475546,0.133305,0.275715,30
cora,0.9,5,0.0331717,0.8113959,0.4677521,0.1321053,0.2892698,31
cora,0.9,6,0.0329101,0.8116447,0.4674853,0.1275749,0.2757059,32
cora,0.9,7,0.0333102,0.8123787,0.4695661,0.124126,0.2931859,31
cora,0.9,8,0.0337276,0.8126135,0.4825848,0.1540548,0.3218911,28
cora,0.9,9,0.0336244,0.8119639,0.4596256,0.1360371,0.2501883,29
cora,1.0,0,0.0170877,0.8129667,0.4795868,0.1345536,0.3016503,29
cora,1.0,1,0.016541,0.8132368,0.4607939,0.1474342,0.2912724,27
cora,1.0,2,0.0161247,0.8113111,0.4720069,0.1399378,0.2650736,30
cora,1.0,3,0.016196,0.8124121,0.4726905,0.1267435,0.2971835,32
cora,1.0,4,0.0160532,0.8106489,0.4863572,0.1235723,0.3097074,33
cora,1.0,5,0.0161059,0.81161,0.4695647,0.1281779,0.2677578,30
cora,1.0,6,0.0160575,0.810396,0.4681002,0.128246,0.2798993,31
cora,1.0,7,0.0163083,0.8107999,0.4584625,0.1190168,0.2851775,33
cora,1.0,8,0.0160065,0.8124052,0.4777119,0.13049,0.3072014,31
cora,1.0,9,0.0165756,0.8122174,0.4828567,0.1284387,0.2988133,31
citeseer,0.0,0,0.0202036,0.7409686,0.3449987,0.0108107,0.1816655,171
citeseer,0.0,1,0.0196705,0.7409686,0.3449987,0.0108107,0.1816655,171
citeseer,0.0,2,0.0192332,0.7409686,0.3449987,0.0108107,0.1816655,171
citeseer,0.0,3,0.0191453,0.7409686,0.3449987,0.0108107,0.1816655,171
citeseer,0.0,4,0.0192935,0.7409686,0.3449987,0.0108107,0.1816655,171
citeseer,0.0,5,0.0192645,0.7409686,0.3449987,0.0108107,0.1816655,171
citeseer,0.0,6,0.0191619,0.7409686,0.3449987,0.0108107,0.1816655,171
citeseer,0.0,7,0.0192511,0.7409686,0.3449987,0.0108107,0.1816655,171
citeseer,0.0,8,0.019228,0.7409686,0.3449987,0.0108107,0.1816655,171
citeseer,0.0,9,0.0193472,0.7409686,0.3449987,0.0108107,0.1816655,171
citeseer,0.1,0,0.0256166,0.7543596,0.3507015,0.0079551,0.1315816,227
citeseer,0.1,1,0.0218351,0.7538985,0.3460984,0.0076735,0.1253287,224
citeseer,0.1,2,0.021472,0.7483309,0.345116,0.0073907,0.1171683,230
citeseer,0.1,3,0.0243444,0.7517762,0.3432543,0.0073913,0.1238323,229
citeseer,0.1,4,0.0276639,0.7532804,0.3471319,0.0075272,0.1263488,234
citeseer,0.1,5,0.0278022,0.7516593,0.3497946,0.0075066,0.1241009,233
citeseer,0.1,6,0.0213211,0.749176,0.3449839,0.0073413,0.1200857,234
citeseer,0.1,7,0.0243001,0.7519098,0.3454993,0.0074579,0.1228657,233
citeseer,0.1,8,0.024256,0.7532386,0.3502286,0.0077882,0.132301,230
citeseer,0.1,9,0.0272148,0.7509806,0.3500206,0.0075209,0.1243206,234
citeseer,0.2,0,0.0220218,0.7871555,0.3456293,0.009442,0.1228554,192
citeseer,0.2,1,0.0253839,0.7848946,0.3460278,0.0084238,0.1154492,202
citeseer,0.2,2,0.0217049,0.7868721,0.3464996,0.0081707,0.1175556,197
citeseer,0.2,3,0.0213346,0.7818807,0.3358688,0.0083507,0.1057183,201
citeseer,0.2,4,0.0211909,0.7836208,0.3417574,0.0085517,0.1152234,199
citeseer,0.2,5,0.0212314,0.7825636,0.3425928,0.0087163,0.1165644,195
citeseer,0.2,6,0.02389,0.7800192,0.3420573,0.0084109,0.1157512,200
citeseer,0.2,7,0.021311,0.7835919,0.3465947,0.0084104,0.1168028,202
citeseer,0.2,8,0.0214372,0.7872045,0.3454824,0.0087284,0.1175964,196
citeseer,0.2,9,0.0267026,0.7847623,0.3399423,0.0086427,0.1107873,196
citeseer,0.3,0,0.0208962,0.8039149,0.3477766,0.012598,0.1241721,161
citeseer,0.3,1,0.0204496,0.8049952,0.3530348,0.0110643,0.1294424,161
citeseer,0.3,2,0.0219696,0.8020017,0.3464402,0.0121349,0.1214241,161
citeseer,0.3,3,0.019547,0.8043082,0.3453922,0.0115766,0.1206679,160
citeseer,0.3,4,0.0197077,0.8050339,0.3498294,0.010852,0.1254409,161
citeseer,0.3,5,0.0221345,0.8045335,0.3542621,0.0133112,0.1327673,161
citeseer,0.3,6,0.0228345,0.8057522,0.3523044,0.0110835,0.1298251,161
citeseer,0.3,7,0.0196776,0.8045522,0.3497032,0.0112345,0.1273753,161
citeseer,0.3,8,0.0218666,0.8042488,0.3525762,0.0112325,0.1285795,161
citeseer,0.3,9,0.0196533,0.8046802,0.3524522,0.0109805,0.129692,162
citeseer,0.4,0,0.0215502,0.8164636,0.3580062,0.0176775,0.1724391,126
citeseer,0.4,1,0.0208824,0.8162781,0.3549464,0.0158401,0.1625926,127
citeseer,0.4,2,0.020555,0.8164468,0.3587765,0.0166962,0.1742815,127
citeseer,0.4,3,0.0207632,0.8174995,0.349709,0.0159725,0.1545517,127
citeseer,0.4,4,0.0206652,0.8179031,0.3540385,0.0144853,0.144365,128
citeseer,0.4,5,0.0205538,0.8143027,0.363502,0.0166758,0.1800842,126
citeseer,0.4,6,0.0209033,0.817917,0.3553892,0.0160229,0.1517353,127
citeseer,0.4,7,0.0206335,0.8191731,0.3559503,0.0160178,0.1531448,127
citeseer,0.4,8,0.0205727,0.8179,0.355906,0.0182068,0.1731235,126
citeseer,0.4,9,0.0209098,0.8164999,0.3576546,0.0159458,0.1646693,127
citeseer,0.5,0,0.0214083,0.8318213,0.334355,0.0217009,0.1404869,86
citeseer,0.5,1,0.0231669,0.8300422,0.3389513,0.025215,0.1700548,86
citeseer,0.5,2,0.0231516,0.8305948,0.3358643,0.0221089,0.1427356,85
citeseer,0.5,3,0.0217066,0.8345554,0.3406611,0.0231018,0.1438499,86
citeseer,0.5,4,0.0205066,0.8332564,0.3452689,0.0247711,0.1602773,84
citeseer,0.5,5,0.0214832,0.8324156,0.3498345,0.025041,0.1675058,86
citeseer,0.5,6,0.0211191,0.8311679,0.3269586,0.0217146,0.1373743,85
citeseer,0.5,7,0.0220661,0.8306012,0.3313119,0.0252403,0.1490275,84
citeseer,0.5,8,0.0225835,0.8342434,0.3485298,0.023493,0.1536036,85
citeseer,0.5,9,0.0203676,0.8330295,0.3461815,0.0247405,0.1474229,87
citeseer,0.6,0,0.0237453,0.8486487,0.3362389,0.0450593,0.1658223,46
citeseer,0.6,1,0.0228934,0.8462267,0.3415176,0.0440883,0.1578817,47
citeseer,0.6,2,0.02228,0.8460349,0.337331,0.0474592,0.1640747,46
citeseer,0.6,3,0.0225127,0.8432573,0.3376893,0.0568759,0.1874591,45
citeseer,0.6,4,0.0220056,0.84509,0.3472325,0.0511519,0.1650922,48
citeseer,0.6,5,0.0223455,0.8432812,0.3317108,0.0518522,0.1673022,45
citeseer,0.6,6,0.022588,0.8451233,0.3399015,0.0486589,0.1632773,48
citeseer,0.6,7,0.0223906,0.8458631,0.3453963,0.0463769,0.1655847,46
citeseer,0.6,8,0.0218611,0.8435548,0.3380251,0.0485945,0.1608487,45
citeseer,0.6,9,0.0222242,0.8450182,0.3423211,0.0460766,0.1650561,47
citeseer,0.7,0,0.0240149,0.8534702,0.3334245,0.0672423,0.1824389,35
citeseer,0.7,1,0.0226481,0.8524158,0.3400596,0.0790848,0.1791164,31
citeseer,0.7,2,0.023216,0.8510272,0.3404475,0.0815621,0.1883514,32
citeseer,0.7,3,0.0224476,0.852316,0.3382239,0.0749651,0.1802801,32
citeseer,0.7,4,0.0225761,0.8517462,0.3313265,0.0751623,0.1688569,30
citeseer,0.7,5,0.0232053,0.8500348,0.3327299,0.0781998,0.1838417,32
citeseer,0.7,6,0.0226853,0.8521074,0.3330082,0.0836827,0.1796595,32
citeseer,0.7,7,0.0226662,0.8526337,0.3352803,0.0783208,0.1768554,30
citeseer,0.7,8,0.0232153,0.8504148,0.3369291,0.0729722,0.1793455,33
citeseer,0.7,9,0.022428,0.8511577,0.3367978,0.0740759,0.1779107,32
citeseer,0.8,0,0.0242636,0.8543198,0.3301028,0.0702944,0.1564379,32
citeseer,0.8,1,0.0250196,0.8550039,0.3321108,0.0628073,0.1573758,34
citeseer,0.8,2,0.0240314,0.855175,0.3333409,0.0652792,0.1729651,37
citeseer,0.8,3,0.0245261,0.855171,0.3343888,0.0699528,0.1714028,34
citeseer,0.8,4,0.024296,0.8551128,0.3354854,0.0666474,0.1744639,36
citeseer,0.8,5,0.0238929,0.8548105,0.3391131,0.0672589,0.177634,36
citeseer,0.8,6,0.0243492,0.8552375,0.3343263,0.0696031,0.1663882,36
citeseer,0.8,7,0.0242038,0.8543194,0.3396175,0.063408,0.1779389,35
citeseer,0.8,8,0.0246429,0.854403,0.3383477,0.062112,0.1642389,35
citeseer,0.8,9,0.0239582,0.8566309,0.3425694,0.0648485,0.1867125,38
citeseer,0.9,0,0.0263939,0.8551202,0.3256398,0.0566231,0.1528898,39
citeseer,0.9,1,0.0260217,0.8560729,0.3379927,0.0633717,0.1705442,36
citeseer,0.9,2,0.0256662,0.8555143,0.3298614,0.0547459,0.1509531,40
citeseer,0.9,3,0.0259955,0.8555083,0.3287084,0.0591326,0.1601874,39
citeseer,0.9,4,0.0256016,0.8555286,0.326465,0.0549312,0.1519562,40
citeseer,0.9,5,0.0259182,0.8554443,0.332306,0.0591667,0.1567647,37
citeseer,0.9,6,0.025974,0.8551513,0.3255198,0.0512353,0.1418277,40
citeseer,0.9,7,0.025192,0.8558269,0.3384727,0.0593907,0.1641644,39
citeseer,0.9,8,0.0695632,0.8554382,0.330353,0.0573278,0.1646597,39
citeseer,0.9,9,0.0256891,0.8549795,0.3370541,0.0613426,0.1698166,37
citeseer,1.0,0,0.0129981,0.8563826,0.3355263,0.0610358,0.1680955,37
citeseer,1.0,1,0.012362,0.8559187,0.3389899,0.0545777,0.1573446,39
citeseer,1.0,2,0.0123515,0.8553945,0.3324596,0.0524119,0.1442233,40
citeseer,1.0,3,0.0122082,0.8557513,0.3360179,0.0564642,0.154662,39
citeseer,1.0,4,0.0121765,0.8557406,0.3285399,0.0509827,0.1341312,38
citeseer,1.0,5,0.0122645,0.8544628,0.3293515,0.0519895,0.153294,41
citeseer,1.0,6,0.01229,0.8559612,0.3301857,0.0566226,0.1520116,38
citeseer,1.0,7,0.0121827,0.8556985,0.3320425,0.0535262,0.1461528,39
citeseer,1.0,8,0.0128953,0.8560438,0.3330622,0.0665293,0.1562441,34
citeseer,1.0,9,0.0122209,0.8559111,0.3260236,0.0545554,0.1444823,39
pubmed,0.0,0,0.2279298,0.6731304,0.2025362,0.0050659,0.2086229,279
pubmed,0.0,1,0.2262764,0.6731304,0.2025362,0.0050659,0.2086229,279
pubmed,0.0,2,0.229089,0.6731304,0.2025362,0.0050659,0.2086229,279
pubmed,0.0,3,0.2279274,0.6731304,0.2025362,0.0050659,0.2086229,279
pubmed,0.0,4,0.2276945,0.6731304,0.2025362,0.0050659,0.2086229,279
pubmed,0.0,5,0.2269769,0.6731304,0.2025362,0.0050659,0.2086229,279
pubmed,0.0,6,0.2267036,0.6731304,0.2025362,0.0050659,0.2086229,279
pubmed,0.0,7,0.2321596,0.6731304,0.2025362,0.0050659,0.2086229,279
pubmed,0.0,8,0.2276757,0.6731304,0.2025362,0.0050659,0.2086229,279
pubmed,0.0,9,0.2244198,0.6731304,0.2025362,0.0050659,0.2086229,279
pubmed,0.1,0,0.2592657,0.7266231,0.186723,0.0023697,0.0966095,518
pubmed,0.1,1,0.2525778,0.7264048,0.1930561,0.0022203,0.0950419,527
pubmed,0.1,2,0.3351512,0.7259573,0.1908429,0.0023469,0.0971996,515
pubmed,0.1,3,0.2582383,0.7261769,0.1906004,0.002377,0.0961555,518
pubmed,0.1,4,0.2250516,0.7256392,0.1948074,0.0023588,0.0979175,506
pubmed,0.1,5,0.2515883,0.7247655,0.1907705,0.0023436,0.0959539,514
pubmed,0.1,6,0.2844696,0.7270128,0.1887645,0.0022312,0.0933663,536
pubmed,0.1,7,0.2245872,0.7255563,0.1868265,0.0021615,0.0842202,522
pubmed,0.1,8,0.284235,0.7239391,0.1996367,0.0024104,0.1354918,501
pubmed,0.1,9,0.2519298,0.7270855,0.1932789,0.00236,0.0979193,507
pubmed,0.2,0,0.2556162,0.7511037,0.2096834,0.0056705,0.1470053,247
pubmed,0.2,1,0.2229404,0.756358,0.2129775,0.0047701,0.1172069,250
pubmed,0.2,2,0.2256451,0.7504807,0.2095389,0.0048984,0.1437232,250
pubmed,0.2,3,0.2238877,0.750814,0.2168763,0.0052175,0.1455585,247
pubmed,0.2,4,0.2244318,0.7524064,0.1923705,0.0052425,0.0983174,246
pubmed,0.2,5,0.2304416,0.7510302,0.2040941,0.005728,0.1197371,245
pubmed,0.2,6,0.2661407,0.7533087,0.1899973,0.0048149,0.0990968,249
pubmed,0.2,7,0.2496071,0.7519923,0.1958326,0.0055581,0.1114592,247
pubmed,0.2,8,0.2725787,0.7584358,0.2063416,0.0052779,0.107658,250
pubmed,0.2,9,0.3713307,0.7499062,0.2069405,0.0047981,0.1460964,248
pubmed,0.3,0,0.2645819,0.7721262,0.2052001,0.0146286,0.1072784,82
pubmed,0.3,1,0.3201563,0.771626,0.2171683,0.0156061,0.1237902,78
pubmed,0.3,2,0.2837317,0.7691011,0.2229386,0.0170816,0.1394547,83
pubmed,0.3,3,0.3419039,0.7716889,0.2058498,0.0110997,0.1047623,84
pubmed,0.3,4,0.2728567,0.7686866,0.2245767,0.0158651,0.1418262,81
pubmed,0.3,5,0.3258002,0.7703909,0.2116268,0.0153582,0.1060755,83
pubmed,0.3,6,0.2763693,0.7685902,0.2189666,0.0148954,0.1304979,82
pubmed,0.3,7,0.3328142,0.7744138,0.2106246,0.0149417,0.1109388,83
pubmed,0.3,8,0.2539744,0.768894,0.2131562,0.0162395,0.1409772,82
pubmed,0.3,9,0.3259969,0.7707579,0.2090459,0.0140847,0.107278,85
pubmed,0.4,0,0.2945726,0.7785147,0.2105147,0.0577579,0.1084926,24
pubmed,0.4,1,0.3036044,0.7735607,0.217921,0.0606256,0.1467098,21
pubmed,0.4,2,0.3163185,0.7772602,0.2144593,0.0592053,0.1165658,22
pubmed,0.4,3,0.2769635,0.7752828,0.213439,0.0548534,0.1383763,24
pubmed,0.4,4,0.364188,0.7718956,0.2230784,0.0641089,0.1495071,21
pubmed,0.4,5,0.2730246,0.7794185,0.2076032,0.0467187,0.1073534,22
pubmed,0.4,6,0.3328896,0.7800009,0.2104886,0.0483137,0.1063098,21
pubmed,0.4,7,0.2981176,0.7802187,0.2093578,0.0419068,0.1069877,25
pubmed,0.4,8,0.3151636,0.7747068,0.2132485,0.060878,0.1319415,21
pubmed,0.4,9,0.304775,0.7774681,0.2162756,0.0593379,0.1248958,21
pubmed,0.5,0,0.4162302,0.7821643,0.2150483,0.0403497,0.1150261,28
pubmed,0.5,1,0.3221529,0.7766044,0.2166401,0.0326177,0.1388869,38
pubmed,0.5,2,0.3212717,0.7752224,0.2325785,0.0440559,0.1631222,36
pubmed,0.5,3,0.3182902,0.7794165,0.2173784,0.0342698,0.1273059,35
pubmed,0.5,4,0.3982027,0.7796605,0.2283709,0.0335102,0.139502,37
pubmed,0.5,5,0.3100898,0.7814521,0.2196514,0.0318269,0.1174822,31
pubmed,0.5,6,0.3147874,0.7816711,0.2082542,0.0386854,0.1064204,34
pubmed,0.5,7,0.316067,0.7813398,0.2155031,0.033269,0.1195062,33
pubmed,0.5,8,0.3132567,0.7782263,0.2267194,0.0408302,0.1407657,37
pubmed,0.5,9,0.4070828,0.7830545,0.2080316,0.0365753,0.0990318,32
pubmed,0.6,0,0.3642392,0.7814093,0.2125762,0.0306284,0.1110768,44
pubmed,0.6,1,0.3555775,0.7793198,0.2113438,0.0361022,0.1235786,38
pubmed,0.6,2,0.3591809,0.7817538,0.2098651,0.0275627,0.1112778,47
pubmed,0.6,3,0.3663008,0.7804616,0.2077675,0.0259115,0.1224741,47
pubmed,0.6,4,0.4909928,0.781296,0.213149,0.028626,0.1144506,41
pubmed,0.6,5,0.4055555,0.7812821,0.2089226,0.0265893,0.119279,42
pubmed,0.6,6,0.3720248,0.781039,0.2168281,0.0266413,0.1171087,45
pubmed,0.6,7,0.3848085,0.7825161,0.2193657,0.0295325,0.1190396,39
pubmed,0.6,8,0.4483254,0.7811449,0.2137948,0.0277044,0.1185914,45
pubmed,0.6,9,0.365977,0.7824309,0.2179299,0.0309696,0.1143956,42
pubmed,0.7,0,0.4150422,0.7834214,0.2086519,0.0259438,0.1099543,42
pubmed,0.7,1,0.4896181,0.7796882,0.210983,0.0251916,0.1239997,44
pubmed,0.7,2,0.4391339,0.7817671,0.2130095,0.0345267,0.1102554,38
pubmed,0.7,3,0.4353848,0.7804782,0.2083132,0.0297831,0.1225225,46
pubmed,0.7,4,0.4661953,0.779997,0.211954,0.0269534,0.119415,45
pubmed,0.7,5,0.5310802,0.7831666,0.2021348,0.0226061,0.1013393,43
pubmed,0.7,6,0.4217415,0.783118,0.203877,0.0265753,0.1002267,46
pubmed,0.7,7,0.4070497,0.7835441,0.205654,0.0226971,0.097133,39
pubmed,0.7,8,0.4209251,0.784036,0.218017,0.0269137,0.1018863,39
pubmed,0.7,9,0.5063541,0.7802198,0.2077031,0.0294457,0.1220101,46
pubmed,0.8,0,0.4750161,0.7828641,0.2137375,0.0241525,0.1052204,50
pubmed,0.8,1,0.4873285,0.7847741,0.2067456,0.024314,0.1015019,45
pubmed,0.8,2,0.5599165,0.7822026,0.2011824,0.0233325,0.1024933,43
pubmed,0.8,3,0.4526911,0.7806826,0.2030254,0.0346052,0.1068281,37
pubmed,0.8,4,0.4610927,0.7822926,0.2084463,0.0339411,0.1076906,42
pubmed,0.8,5,0.5490265,0.7794921,0.2057813,0.0304466,0.1179862,43
pubmed,0.8,6,0.4727957,0.7844784,0.2040341,0.0254002,0.0912024,39
pubmed,0.8,7,0.5440531,0.7819587,0.2025888,0.0270895,0.1060216,46
pubmed,0.8,8,0.4980168,0.7843034,0.210846,0.0298692,0.0986507,42
pubmed,0.8,9,0.4692049,0.7797825,0.2061123,0.0259764,0.1114048,44
pubmed,0.9,0,0.615757,0.7796707,0.2053272,0.027933,0.1119349,45
pubmed,0.9,1,0.5593877,0.7821569,0.2096544,0.0229423,0.0987124,45
pubmed,0.9,2,0.5280735,0.7845048,0.20606,0.0235258,0.0959068,43
pubmed,0.9,3,0.6011851,0.7838166,0.2053494,0.0249621,0.092797,43
pubmed,0.9,4,0.5474417,0.7842145,0.1977356,0.027494,0.0889437,42
pubmed,0.9,5,0.5411422,0.7816035,0.2074487,0.020621,0.1008258,49
pubmed,0.9,6,0.6975701,0.7806227,0.2034298,0.0238669,0.1059171,43
pubmed,0.9,7,0.5420063,0.781194,0.2008159,0.0313475,0.103651,41
pubmed,0.9,8,0.6362305,0.7819785,0.1984962,0.0217971,0.0952017,45
pubmed,0.9,9,0.5576127,0.7821452,0.2094404,0.0232711,0.1070183,44
pubmed,1.0,0,0.4095752,0.7834209,0.2103366,0.0281158,0.0957078,42
pubmed,1.0,1,0.4088624,0.7834972,0.2092818,0.025048,0.0950818,41
pubmed,1.0,2,0.4119062,0.7829,0.2007279,0.0278643,0.0925209,41
pubmed,1.0,3,0.4116149,0.7815611,0.205877,0.0234537,0.0963547,40
pubmed,1.0,4,0.4167411,0.7816387,0.2019558,0.0267075,0.0984799,44
pubmed,1.0,5,0.4072094,0.781453,0.2101527,0.0314225,0.107359,42
pubmed,1.0,6,0.4119549,0.7802148,0.2138858,0.0319535,0.1083492,37
pubmed,1.0,7,0.4059715,0.7845838,0.1971609,0.0247754,0.0838917,44
pubmed,1.0,8,0.4082675,0.779755,0.2059303,0.0320557,0.1067486,40
pubmed,1.0,9,0.4084384,0.7817306,0.2027546,0.0302607,0.0982562,43
dolphin,0.0,0,0.0006747,0.3734821,1.0,1.0,1.0,2
dolphin,0.0,1,0.0004811,0.3734821,1.0,1.0,1.0,2
dolphin,0.0,2,0.0004895,0.3734821,1.0,1.0,1.0,2
dolphin,0.0,3,0.0004935,0.3734821,1.0,1.0,1.0,2
dolphin,0.0,4,0.0004799,0.3734821,1.0,1.0,1.0,2
dolphin,0.0,5,0.000479,0.3734821,1.0,1.0,1.0,2
dolphin,0.0,6,0.0004833,0.3734821,1.0,1.0,1.0,2
dolphin,0.0,7,0.0004816,0.3734821,1.0,1.0,1.0,2
dolphin,0.0,8,0.0004921,0.3734821,1.0,1.0,1.0,2
dolphin,0.0,9,0.0004897,0.3734821,1.0,1.0,1.0,2
dolphin,0.1,0,0.0019889,0.478027,0.5201089,0.23884,0.2972579,7
dolphin,0.1,1,0.0015266,0.524643,0.6077131,0.3290323,0.4181603,5
dolphin,0.1,2,0.0016203,0.5158617,0.4919353,0.2447818,0.3182539,6
dolphin,0.1,3,0.001539,0.5117875,0.5132996,0.3195084,0.3659626,5
dolphin,0.1,4,0.0012622,0.5158617,0.4919353,0.2447818,0.3182539,6
dolphin,0.1,5,0.0014091,0.5117875,0.5132996,0.3195084,0.3659626,5
dolphin,0.1,6,0.0013373,0.4779083,0.7562784,0.6111111,0.6303512,3
dolphin,0.1,7,0.0012307,0.4754559,0.4558315,0.2313364,0.2711143,7
dolphin,0.1,8,0.0012925,0.5117875,0.5132996,0.3195084,0.3659626,5
dolphin,0.1,9,0.0013268,0.4192279,0.5938046,0.4464286,0.5433346,4
dolphin,0.2,0,0.0017498,0.5117875,0.5132996,0.3464755,0.3659626,5
dolphin,0.2,1,0.0012736,0.5062102,0.5524105,0.482811,0.4223656,4
dolphin,0.2,2,0.0012908,0.5117875,0.5132996,0.3464755,0.3659626,5
dolphin,0.2,3,0.0014257,0.5062102,0.5524105,0.482811,0.4223656,4
dolphin,0.2,4,0.0014243,0.5117875,0.5132996,0.3464755,0.3659626,5
dolphin,0.2,5,0.0013924,0.4779083,0.7562784,0.8012821,0.6303512,3
dolphin,0.2,6,0.0012929,0.5062102,0.5524105,0.482811,0.4223656,4
dolphin,0.2,7,0.0014434,0.5062102,0.5524105,0.482811,0.4223656,4
dolphin,0.2,8,0.0012717,0.4525731,0.7718091,0.8324324,0.6699105,3
dolphin,0.2,9,0.0015724,0.4779083,0.7562784,0.8012821,0.6303512,3
dolphin,0.3,0,0.0014298,0.5062102,0.5524105,0.482811,0.4223656,4
dolphin,0.3,1,0.0013266,0.4525731,0.7718091,0.8324324,0.6699105,3
dolphin,0.3,2,0.0018864,0.5062102,0.5524105,0.482811,0.4223656,4
dolphin,0.3,3,0.0013201,0.4779083,0.7562784,0.8012821,0.6303512,3
dolphin,0.3,4,0.001379,0.5062102,0.5524105,0.482811,0.4223656,4
dolphin,0.3,5,0.0012581,0.5062102,0.5524105,0.482811,0.4223656,4
dolphin,0.3,6,0.0012579,0.5062102,0.5524105,0.482811,0.4223656,4
dolphin,0.3,7,0.0013826,0.4779083,0.7562784,0.8012821,0.6303512,3
dolphin,0.3,8,0.0013244,0.4525731,0.7718091,0.8324324,0.6699105,3
dolphin,0.3,9,0.0028031,0.5117875,0.5132996,0.3464755,0.3659626,5
dolphin,0.4,0,0.0021148,0.5176417,0.6307047,0.4485007,0.4181603,4
dolphin,0.4,1,0.0014327,0.5176417,0.6307047,0.4485007,0.4181603,4
dolphin,0.4,2,0.0014138,0.5208457,0.5968028,0.3363755,0.3901613,5
dolphin,0.4,3,0.0013585,0.5208457,0.5968028,0.3363755,0.3901613,5
dolphin,0.4,4,0.0014236,0.5208457,0.5968028,0.3363755,0.3901613,5
dolphin,0.4,5,0.0013609,0.5176417,0.6307047,0.4485007,0.4181603,4
dolphin,0.4,6,0.0021739,0.5219928,0.6331805,0.4345146,0.4237827,4
dolphin,0.4,7,0.0016873,0.5208457,0.5968028,0.3363755,0.3901613,5
dolphin,0.4,8,0.0013022,0.5068035,0.5316616,0.4260085,0.3659626,4
dolphin,0.4,9,0.0012918,0.5176417,0.6307047,0.4485007,0.4181603,4
dolphin,0.5,0,0.0019743,0.5062102,0.5524105,0.482811,0.4223656,4
dolphin,0.5,1,0.0014365,0.5176417,0.6307047,0.4485007,0.4181603,4
dolphin,0.5,2,0.0014052,0.5062102,0.5524105,0.482811,0.4223656,4
dolphin,0.5,3,0.0014122,0.5062102,0.5524105,0.482811,0.4223656,4
dolphin,0.5,4,0.0013812,0.5176417,0.6307047,0.4485007,0.4181603,4
dolphin,0.5,5,0.0014358,0.5062102,0.5524105,0.482811,0.4223656,4
dolphin,0.5,6,0.0013912,0.5062102,0.5524105,0.482811,0.4223656,4
dolphin,0.5,7,0.0013995,0.5062102,0.5524105,0.482811,0.4223656,4
dolphin,0.5,8,0.0016341,0.5176417,0.6307047,0.4485007,0.4181603,4
dolphin,0.5,9,0.0013976,0.5062102,0.5524105,0.482811,0.4223656,4
dolphin,0.6,0,0.001837,0.5257901,0.6454751,0.457478,0.4520079,4
dolphin,0.6,1,0.0015211,0.5196986,0.6328549,0.4515723,0.4237827,4
dolphin,0.6,2,0.0014408,0.5196986,0.6328549,0.4614379,0.4237827,4
dolphin,0.6,3,0.0014305,0.5276097,0.5880272,0.3363755,0.379014,5
dolphin,0.6,4,0.0014236,0.5196986,0.6328549,0.4614379,0.4237827,4
dolphin,0.6,5,0.0014293,0.5196986,0.6328549,0.4614379,0.4237827,4
dolphin,0.6,6,0.0014129,0.5196986,0.6328549,0.4515723,0.4237827,4
dolphin,0.6,7,0.0013731,0.5257901,0.6454751,0.457478,0.4520079,4
dolphin,0.6,8,0.0016177,0.5196986,0.6328549,0.4515723,0.4237827,4
dolphin,0.6,9,0.0014212,0.5196986,0.6328549,0.4515723,0.4237827,4
dolphin,0.7,0,0.0019765,0.5257901,0.6454751,0.457478,0.4520079,4
dolphin,0.7,1,0.001487,0.5257901,0.6454751,0.457478,0.4520079,4
dolphin,0.7,2,0.0014765,0.5257901,0.6454751,0.457478,0.4520079,4
dolphin,0.7,3,0.001451,0.5257901,0.6454751,0.457478,0.4520079,4
dolphin,0.7,4,0.0014729,0.524109,0.5124321,0.3614591,0.3329497,5
dolphin,0.7,5,0.0014458,0.524109,0.5124321,0.3614591,0.3329497,5
dolphin,0.7,6,0.0015256,0.5257901,0.6454751,0.457478,0.4520079,4
dolphin,0.7,7,0.0014706,0.5257901,0.6454751,0.457478,0.4520079,4
dolphin,0.7,8,0.0016356,0.5257901,0.6454751,0.457478,0.4520079,4
dolphin,0.7,9,0.0015039,0.5257901,0.6454751,0.457478,0.4520079,4
dolphin,0.8,0,0.0019782,0.5237135,0.6404061,0.4500745,0.440695,4
dolphin,0.8,1,0.0015061,0.5114513,0.5400879,0.4415684,0.3865554,4
dolphin,0.8,2,0.0018721,0.5247617,0.5839212,0.3302387,0.3697473,5
dolphin,0.8,3,0.0017774,0.520727,0.5059451,0.350697,0.3216224,5
dolphin,0.8,4,0.0015194,0.5237135,0.6404061,0.4500745,0.440695,4
dolphin,0.8,5,0.0018287,0.5237135,0.6404061,0.4500745,0.440695,4
dolphin,0.8,6,0.0016148,0.5237135,0.6404061,0.4500745,0.440695,4
dolphin,0.8,7,0.0017638,0.5237135,0.6404061,0.4500745,0.440695,4
dolphin,0.8,8,0.0015783,0.5237135,0.6404061,0.4500745,0.440695,4
dolphin,0.8,9,0.0015342,0.5237135,0.6404061,0.4500745,0.440695,4
dolphin,0.9,0,0.0019445,0.5233377,0.5138894,0.362766,0.3418688,5
dolphin,0.9,1,0.0015242,0.5285194,0.5864663,0.3420127,0.3734515,5
dolphin,0.9,2,0.0015135,0.524109,0.5124321,0.3240678,0.3329497,5
dolphin,0.9,3,0.0015323,0.5195799,0.4742528,0.232084,0.2708499,6
dolphin,0.9,4,0.0015175,0.5233377,0.5138894,0.362766,0.3418688,5
dolphin,0.9,5,0.0015488,0.5201139,0.4557962,0.2840678,0.2968695,5
dolphin,0.9,6,0.001714,0.5195799,0.4742528,0.232084,0.2708499,6
dolphin,0.9,7,0.0015421,0.5264626,0.5791513,0.4457455,0.4127279,4
dolphin,0.9,8,0.0015805,0.524109,0.5124321,0.3240678,0.3329497,5
dolphin,0.9,9,0.0016017,0.5285194,0.5864663,0.3420127,0.3734515,5
dolphin,1.0,0,0.0006454,0.5277283,0.593211,0.3423077,0.3901613,5
dolphin,1.0,1,0.0004447,0.5195799,0.4742528,0.232084,0.2708499,6
dolphin,1.0,2,0.0004067,0.5267988,0.5714557,0.4301856,0.3939759,4
dolphin,1.0,3,0.0004013,0.5195799,0.4742528,0.232084,0.2708499,6
dolphin,1.0,4,0.0004122,0.5195799,0.4742528,0.232084,0.2708499,6
dolphin,1.0,5,0.0004292,0.5277283,0.593211,0.3423077,0.3901613,5
dolphin,1.0,6,0.0004144,0.5277283,0.593211,0.3423077,0.3901613,5
dolphin,1.0,7,0.0007224,0.5277283,0.593211,0.3423077,0.3901613,5
dolphin,1.0,8,0.0004251,0.524109,0.5124321,0.3240678,0.3329497,5
dolphin,1.0,9,0.0004208,0.5285194,0.5864663,0.3302387,0.3734515,5
football,0.0,0,0.0013678,0.3577025,0.3559059,0.06017,0.1364752,2
football,0.0,1,0.0010591,0.3577025,0.3559059,0.06017,0.1364752,2
football,0.0,2,0.0010967,0.3577025,0.3559059,0.06017,0.1364752,2
football,0.0,3,0.0014172,0.3577025,0.3559059,0.06017,0.1364752,2
football,0.0,4,0.0010753,0.3577025,0.3559059,0.06017,0.1364752,2
football,0.0,5,0.0013301,0.3577025,0.3559059,0.06017,0.1364752,2
football,0.0,6,0.0010574,0.3577025,0.3559059,0.06017,0.1364752,2
football,0.0,7,0.0010889,0.3577025,0.3559059,0.06017,0.1364752,2
football,0.0,8,0.0010931,0.3577025,0.3559059,0.06017,0.1364752,2
football,0.0,9,0.0010974,0.3577025,0.3559059,0.06017,0.1364752,2
football,0.1,0,0.0026224,0.4939817,0.677727,0.4142696,0.3510225,8
football,0.1,1,0.0018818,0.5797551,0.8481276,0.624227,0.7015365,9
football,0.1,2,0.0018709,0.5353103,0.8088321,0.5584866,0.5615093,9
football,0.1,3,0.0020738,0.5175986,0.7197408,0.3935667,0.3922027,6
football,0.1,4,0.0025387,0.5712592,0.8040458,0.5228475,0.6057639,8
football,0.1,5,0.0016515,0.555606,0.8252573,0.5664231,0.5992302,8
football,0.1,6,0.0018952,0.5269554,0.7065465,0.3807324,0.4198858,6
football,0.1,7,0.0020561,0.5321314,0.7033795,0.3916922,0.4037383,6
football,0.1,8,0.0024545,0.5465565,0.742977,0.4062004,0.5182073,7
football,0.1,9,0.0016842,0.5555421,0.7980109,0.448596,0.58394,8
football,0.2,0,0.0023661,0.4664155,0.6100569,0.2219414,0.2939588,4
football,0.2,1,0.0018296,0.4579822,0.5711189,0.2193773,0.2457449,4
football,0.2,2,0.0018947,0.4986188,0.6470125,0.2962764,0.3209228,5
football,0.2,3,0.0019004,0.4882029,0.6003244,0.2036634,0.2959188,4
football,0.2,4,0.0017426,0.5080581,0.7144411,0.3921693,0.3963271,6
football,0.2,5,0.0017157,0.4940655,0.6483327,0.296657,0.3460673,5
football,0.2,6,0.0018883,0.5063217,0.6808724,0.2912041,0.3682755,5
football,0.2,7,0.0017142,0.5272415,0.7054077,0.3542691,0.4250397,6
football,0.2,8,0.0019071,0.5391677,0.7103435,0.3511953,0.4411701,6
football,0.2,9,0.0016968,0.4513371,0.5488264,0.2166105,0.2534785,4
football,0.3,0,0.0025172,0.518027,0.6851589,0.2912088,0.3999177,5
football,0.3,1,0.0022204,0.518027,0.6851589,0.2912088,0.3999177,5
football,0.3,2,0.0019197,0.5234133,0.6838863,0.2908711,0.4020978,5
football,0.3,3,0.0020194,0.516409,0.6860755,0.292316,0.3873006,5
football,0.3,4,0.0019219,0.5234133,0.6838863,0.2908711,0.4020978,5
football,0.3,5,0.0018077,0.516409,0.6860755,0.292316,0.3873006,5
football,0.3,6,0.0020609,0.518027,0.6851589,0.2912088,0.3999177,5
football,0.3,7,0.0018628,0.516409,0.6860755,0.292316,0.3873006,5
football,0.3,8,0.0018182,0.5396281,0.7276154,0.3785989,0.4727267,6
football,0.3,9,0.001945,0.5396281,0.7276154,0.3785989,0.4727267,6
football,0.4,0,0.0026052,0.5238697,0.7429773,0.3954806,0.4360042,6
football,0.4,1,0.0020878,0.5238697,0.7429773,0.3954806,0.4360042,6
football,0.4,2,0.0020218,0.5220694,0.7407533,0.3984668,0.4326852,6
football,0.4,3,0.0020113,0.5238697,0.7429773,0.3954806,0.4360042,6
football,0.4,4,0.0019233,0.5238697,0.7429773,0.3954806,0.4360042,6
football,0.4,5,0.0020623,0.5238697,0.7429773,0.3954806,0.4360042,6
football,0.4,6,0.0021298,0.5238697,0.7429773,0.3954806,0.4360042,6
football,0.4,7,0.0020473,0.5238697,0.7429773,0.3954806,0.4360042,6
football,0.4,8,0.0019257,0.5238697,0.7429773,0.3954806,0.4360042,6
football,0.4,9,0.0019355,0.5440603,0.7621748,0.4783988,0.5365048,7
football,0.5,0,0.0026658,0.5418342,0.7776069,0.4846718,0.4962568,7
football,0.5,1,0.0020101,0.5493947,0.777917,0.4833399,0.5056575,7
football,0.5,2,0.0020175,0.5493947,0.777917,0.4833399,0.5056575,7
football,0.5,3,0.0019875,0.5386434,0.7702938,0.4853881,0.4700836,7
football,0.5,4,0.0019209,0.5386434,0.7702938,0.4853881,0.4700836,7
football,0.5,5,0.0020738,0.5386434,0.7702938,0.4853881,0.4700836,7
football,0.5,6,0.002023,0.5493947,0.777917,0.4833399,0.5056575,7
football,0.5,7,0.0020092,0.5358092,0.7817173,0.4959633,0.4777443,7
football,0.5,8,0.0020227,0.5418342,0.7776069,0.4846718,0.4962568,7
football,0.5,9,0.0019968,0.5493947,0.777917,0.4833399,0.5056575,7
football,0.6,0,0.0024126,0.5759948,0.8259176,0.5816931,0.6526921,8
football,0.6,1,0.002691,0.5759948,0.8259176,0.5816931,0.6526921,8
football,0.6,2,0.0022357,0.5759948,0.8259176,0.5816931,0.6526921,8
football,0.6,3,0.0023441,0.5760893,0.8454301,0.5918759,0.6464283,8
football,0.6,4,0.0025787,0.586661,0.8254449,0.569442,0.6655706,8
football,0.6,5,0.002439,0.5759948,0.8259176,0.5816931,0.6526921,8
football,0.6,6,0.0021279,0.5759948,0.8259176,0.5816931,0.6526921,8
football,0.6,7,0.0022578,0.5759948,0.8259176,0.5816931,0.6526921,8
football,0.6,8,0.0026574,0.5909309,0.8436211,0.5861814,0.6461356,8
football,0.6,9,0.0023174,0.593797,0.8411265,0.5793215,0.6737208,8
football,0.7,0,0.0030248,0.59785,0.8735574,0.6772003,0.7502972,9
football,0.7,1,0.0024331,0.5949213,0.8526558,0.6698458,0.7246037,9
football,0.7,2,0.0023868,0.5924943,0.8477878,0.6640257,0.7335784,9
football,0.7,3,0.0023108,0.5924943,0.8477878,0.6640257,0.7335784,9
football,0.7,4,0.0024755,0.59785,0.8735574,0.6772003,0.7502972,9
football,0.7,5,0.0030582,0.59785,0.8735574,0.6772003,0.7502972,9
football,0.7,6,0.0023746,0.5949213,0.8526558,0.6698458,0.7246037,9
football,0.7,7,0.0024209,0.5924943,0.8477878,0.6640257,0.7335784,9
football,0.7,8,0.0024669,0.5961508,0.8551711,0.6640257,0.737809,9
football,0.7,9,0.0022061,0.5924943,0.8477878,0.6640257,0.7335784,9
football,0.8,0,0.0031369,0.5892729,0.8374227,0.5823102,0.6496014,8
football,0.8,1,0.0024979,0.5891292,0.8374227,0.5797715,0.6496014,8
football,0.8,2,0.0028977,0.5892729,0.8374227,0.5823102,0.6496014,8
football,0.8,3,0.0024202,0.5892729,0.8374227,0.5823102,0.6496014,8
football,0.8,4,0.00265,0.5892729,0.8374227,0.5823102,0.6496014,8
football,0.8,5,0.0024734,0.5861327,0.8449703,0.5856033,0.642879,8
football,0.8,6,0.0024302,0.5891292,0.8374227,0.5797715,0.6496014,8
football,0.8,7,0.0025058,0.5892729,0.8374227,0.5823102,0.6496014,8
football,0.8,8,0.002552,0.5892729,0.8374227,0.5823102,0.6496014,8
football,0.8,9,0.0024261,0.5892729,0.8374227,0.5823102,0.6496014,8
football,0.9,0,0.0033181,0.5967895,0.8558329,0.6728605,0.7370068,9
football,0.9,1,0.0025954,0.5967895,0.8558329,0.6728605,0.7370068,9
football,0.9,2,0.0026674,0.5967895,0.8558329,0.6728605,0.7370068,9
football,0.9,3,0.0027814,0.5967895,0.8558329,0.6728605,0.7370068,9
football,0.9,4,0.0031099,0.5967895,0.8558329,0.6728605,0.7370068,9
football,0.9,5,0.0030448,0.5967895,0.8558329,0.6728605,0.7370068,9
football,0.9,6,0.0027287,0.5967895,0.8558329,0.6728605,0.7370068,9
football,0.9,7,0.0025961,0.5967895,0.8558329,0.6728605,0.7370068,9
football,0.9,8,0.0026567,0.5967895,0.8558329,0.6728605,0.7370068,9
football,0.9,9,0.0025804,0.5967895,0.8558329,0.6728605,0.7370068,9
football,1.0,0,0.0010378,0.6045696,0.8903166,0.7659458,0.8069409,10
football,1.0,1,0.0007715,0.6045696,0.8903166,0.7659458,0.8069409,10
football,1.0,2,0.0007198,0.6045696,0.8903166,0.7659458,0.8069409,10
football,1.0,3,0.0007346,0.6045696,0.8903166,0.7659458,0.8069409,10
football,1.0,4,0.00107,0.6045696,0.8903166,0.7659458,0.8069409,10
football,1.0,5,0.0007529,0.6045696,0.8903166,0.7659458,0.8069409,10
football,1.0,6,0.0008154,0.6044285,0.8922958,0.7641206,0.8165464,10
football,1.0,7,0.0007324,0.6045696,0.8903166,0.7659458,0.8069409,10
football,1.0,8,0.0008271,0.6045696,0.8903166,0.7659458,0.8069409,10
football,1.0,9,0.0007229,0.6045696,0.8903166,0.7659458,0.8069409,10
mexican,0.0,0,0.0001955,0.0,0.0,0.3965517,0.0,1
mexican,0.0,1,0.0001369,0.0,0.0,0.3965517,0.0,1
mexican,0.0,2,0.0001302,0.0,0.0,0.3965517,0.0,1
mexican,0.0,3,0.0001283,0.0,0.0,0.3965517,0.0,1
mexican,0.0,4,0.0001292,0.0,0.0,0.3965517,0.0,1
mexican,0.0,5,0.0001287,0.0,0.0,0.3965517,0.0,1
mexican,0.0,6,0.0001333,0.0,0.0,0.3965517,0.0,1
mexican,0.0,7,0.0001307,0.0,0.0,0.3965517,0.0,1
mexican,0.0,8,0.0001307,0.0,0.0,0.3965517,0.0,1
mexican,0.0,9,0.0001302,0.0,0.0,0.3965517,0.0,1
mexican,0.1,0,0.0011983,0.2064431,0.1791649,0.72,0.2592849,2
mexican,0.1,1,0.00087,0.0,0.0,0.3965517,0.0,1
mexican,0.1,2,0.0008585,0.2064431,0.1791649,0.72,0.2592849,2
mexican,0.1,3,0.0008359,0.1551246,0.0831292,0.6260684,0.1336735,2
mexican,0.1,4,0.0007989,0.2064431,0.1791649,0.72,0.2592849,2
mexican,0.1,5,0.0008736,0.2064431,0.1791649,0.72,0.2592849,2
mexican,0.1,6,0.0008469,0.2064431,0.1791649,0.72,0.2592849,2
mexican,0.1,7,0.0008442,0.0,0.0,0.3965517,0.0,1
mexican,0.1,8,0.000849,0.1551246,0.0831292,0.6260684,0.1336735,2
mexican,0.1,9,0.0013077,0.2064431,0.1791649,0.72,0.2592849,2
mexican,0.2,0,0.0009432,0.1981883,0.1824424,0.6195652,0.1282739,3
mexican,0.2,1,0.0009871,0.1621375,0.1200329,0.5359848,0.033136,3
mexican,0.2,2,0.0010107,0.3074366,0.1696797,0.5996732,0.1511658,3
mexican,0.2,3,0.0010862,0.2359194,0.1700079,0.4493007,0.0356348,3
mexican,0.2,4,0.0009086,0.1981883,0.1824424,0.6195652,0.1282739,3
mexican,0.2,5,0.0009589,0.1621375,0.1200329,0.5359848,0.033136,3
mexican,0.2,6,0.000942,0.2359194,0.1700079,0.4493007,0.0356348,3
mexican,0.2,7,0.0009069,0.1981883,0.1824424,0.6195652,0.1282739,3
mexican,0.2,8,0.0008967,0.1981883,0.1824424,0.6195652,0.1282739,3
mexican,0.2,9,0.0009205,0.1919424,0.0968137,0.5700246,-0.0201749,2
mexican,0.3,0,0.0011957,0.3279641,0.2125109,0.7822222,0.1993779,3
mexican,0.3,1,0.0011113,0.2633867,0.2367626,0.773358,0.3357711,2
mexican,0.3,2,0.0009587,0.2378552,0.1179423,0.6940559,0.1589488,2
mexican,0.3,3,0.0009205,0.3161297,0.1976098,0.3123529,0.0994257,4
mexican,0.3,4,0.0009336,0.2378552,0.1179423,0.6940559,0.1589488,2
mexican,0.3,5,0.0011756,0.3212433,0.263834,0.788975,0.1604013,3
mexican,0.3,6,0.0009422,0.3203667,0.2572425,0.788975,0.1503609,3
mexican,0.3,7,0.0009341,0.1580831,0.0127667,0.5578231,0.0235939,2
mexican,0.3,8,0.0009377,0.3091899,0.1887278,0.4793162,0.1011986,4
mexican,0.3,9,0.000972,0.2887355,0.2307778,0.40553,0.0973749,4
mexican,0.4,0,0.0012617,0.2890277,0.2572425,0.788975,0.1503609,3
mexican,0.4,1,0.0009387,0.2890277,0.2572425,0.788975,0.1503609,3
mexican,0.4,2,0.000963,0.2890277,0.2572425,0.788975,0.1503609,3
mexican,0.4,3,0.0009899,0.3479801,0.2318253,0.8097826,0.2303653,3
mexican,0.4,4,0.0009816,0.2890277,0.2572425,0.788975,0.1503609,3
mexican,0.4,5,0.0009835,0.3479801,0.2318253,0.8097826,0.2303653,3
mexican,0.4,6,0.0009458,0.2890277,0.2572425,0.788975,0.1503609,3
mexican,0.4,7,0.0009665,0.2820513,0.2251726,0.7463768,0.1288433,3
mexican,0.4,8,0.0009453,0.2890277,0.2572425,0.788975,0.1503609,3
mexican,0.4,9,0.0009682,0.3479801,0.2318253,0.8097826,0.2303653,3
mexican,0.5,0,0.0009849,0.3166411,0.2813597,0.5716783,0.2059404,3
mexican,0.5,1,0.0010128,0.3442545,0.2288401,0.8097826,0.2121292,3
mexican,0.5,2,0.0009837,0.3166411,0.2813597,0.5716783,0.2059404,3
mexican,0.5,3,0.0011547,0.3442545,0.2288401,0.8097826,0.2121292,3
mexican,0.5,4,0.0010009,0.3166411,0.2813597,0.5716783,0.2059404,3
mexican,0.5,5,0.0012782,0.3430857,0.1786628,0.6236559,0.1588062,3
mexican,0.5,6,0.0010889,0.3442545,0.2288401,0.8097826,0.2121292,3
mexican,0.5,7,0.0010321,0.3042954,0.2596488,0.6428571,0.1765663,3
mexican,0.5,8,0.0010195,0.3442545,0.1791082,0.773358,0.1734693,3
mexican,0.5,9,0.0009918,0.3430857,0.1786628,0.773358,0.1588062,3
mexican,0.6,0,0.0013449,0.3430857,0.1786628,0.773358,0.1588062,3
mexican,0.6,1,0.0009937,0.3430857,0.1786628,0.773358,0.1588062,3
mexican,0.6,2,0.0010924,0.3430857,0.1786628,0.773358,0.1588062,3
mexican,0.6,3,0.0010223,0.3430857,0.1786628,0.773358,0.1588062,3
mexican,0.6,4,0.0010772,0.3430857,0.1786628,0.773358,0.1588062,3
mexican,0.6,5,0.0009935,0.3430857,0.1786628,0.773358,0.1588062,3
mexican,0.6,6,0.0010102,0.3430857,0.1786628,0.773358,0.1588062,3
mexican,0.6,7,0.0009999,0.3430857,0.1786628,0.773358,0.1588062,3
mexican,0.6,8,0.0010037,0.3430857,0.1786628,0.773358,0.1588062,3
mexican,0.6,9,0.0010178,0.3430857,0.1786628,0.773358,0.1588062,3
mexican,0.7,0,0.0013862,0.3442545,0.2288401,0.8097826,0.2121292,3
mexican,0.7,1,0.0010474,0.3430857,0.1786628,0.773358,0.1588062,3
mexican,0.7,2,0.0011055,0.3442545,0.2288401,0.8097826,0.2121292,3
mexican,0.7,3,0.0010698,0.3181752,0.1770816,0.3596674,0.0578246,4
mexican,0.7,4,0.0010269,0.3442545,0.2288401,0.8097826,0.2121292,3
mexican,0.7,5,0.0013645,0.3442545,0.2288401,0.8097826,0.2121292,3
mexican,0.7,6,0.0010433,0.3442545,0.2288401,0.8097826,0.2121292,3
mexican,0.7,7,0.0011594,0.3442545,0.2288401,0.8097826,0.2121292,3
mexican,0.7,8,0.0010407,0.3442545,0.2288401,0.8097826,0.2121292,3
mexican,0.7,9,0.0010295,0.3442545,0.2288401,0.8097826,0.2121292,3
mexican,0.8,0,0.0014439,0.3430857,0.1786628,0.773358,0.1588062,3
mexican,0.8,1,0.0010827,0.351304,0.2288401,0.8097826,0.2121292,3
mexican,0.8,2,0.0011249,0.3430857,0.1786628,0.773358,0.1588062,3
mexican,0.8,3,0.0011086,0.3430857,0.1786628,0.773358,0.1588062,3
mexican,0.8,4,0.0010777,0.3430857,0.1786628,0.773358,0.1588062,3
mexican,0.8,5,0.0016425,0.351304,0.2288401,0.8097826,0.2121292,3
mexican,0.8,6,0.0010967,0.3430857,0.1786628,0.773358,0.1588062,3
mexican,0.8,7,0.0010982,0.351304,0.2288401,0.8097826,0.2121292,3
mexican,0.8,8,0.0011272,0.3430857,0.1786628,0.773358,0.1588062,3
mexican,0.8,9,0.0011656,0.3430857,0.1786628,0.773358,0.1588062,3
mexican,0.9,0,0.0015438,0.3575499,0.227582,0.8097826,0.2001366,3
mexican,0.9,1,0.0011308,0.3575499,0.227582,0.8097826,0.2001366,3
mexican,0.9,2,0.0011039,0.3432683,0.1573074,0.4652174,0.0967435,4
mexican,0.9,3,0.0011158,0.3575499,0.227582,0.8097826,0.2001366,3
mexican,0.9,4,0.0011301,0.3411864,0.1846853,0.5017253,0.152639,4
mexican,0.9,5,0.001116,0.3575499,0.227582,0.8097826,0.2001366,3
mexican,0.9,6,0.0017805,0.3575499,0.227582,0.8097826,0.2001366,3
mexican,0.9,7,0.0011299,0.3575499,0.227582,0.8097826,0.2001366,3
mexican,0.9,8,0.0011315,0.3575499,0.227582,0.8097826,0.2001366,3
mexican,0.9,9,0.0011406,0.3523632,0.1786628,0.773358,0.1588062,3
mexican,1.0,0,0.0003948,0.3595222,0.2601049,0.542351,0.2100614,4
mexican,1.0,1,0.0003467,0.3536051,0.2220654,0.8011364,0.1986178,3
mexican,1.0,2,0.0004013,0.3514135,0.2153116,0.5177866,0.1517059,4
mexican,1.0,3,0.0003073,0.3595222,0.2601049,0.542351,0.2100614,4
mexican,1.0,4,0.0002806,0.3422821,0.2342804,0.5108696,0.167968,4
mexican,1.0,5,0.000293,0.3589378,0.2737745,0.8381129,0.2463875,3
mexican,1.0,6,0.0003784,0.3573307,0.2138085,0.5177866,0.1570387,4
mexican,1.0,7,0.0003018,0.3536051,0.2220654,0.8011364,0.1986178,3
mexican,1.0,8,0.0002975,0.3595222,0.2601049,0.542351,0.2100614,4
mexican,1.0,9,0.000351,0.3589378,0.2737745,0.8381129,0.2463875,3
polblogs,0.0,0,0.0112371,0.0,0.0,0.3423036,0.0,1
polblogs,0.0,1,0.0107098,0.0,0.0,0.3423036,0.0,1
polblogs,0.0,2,0.0103731,0.0,0.0,0.3423036,0.0,1
polblogs,0.0,3,0.0107105,0.0,0.0,0.3423036,0.0,1
polblogs,0.0,4,0.0102286,0.0,0.0,0.3423036,0.0,1
polblogs,0.0,5,0.010211,0.0,0.0,0.3423036,0.0,1
polblogs,0.0,6,0.0102201,0.0,0.0,0.3423036,0.0,1
polblogs,0.0,7,0.0103867,0.0,0.0,0.3423036,0.0,1
polblogs,0.0,8,0.0102553,0.0,0.0,0.3423036,0.0,1
polblogs,0.0,9,0.0103614,0.0,0.0,0.3423036,0.0,1
polblogs,0.1,0,0.0912294,0.4259951,0.7038153,0.47373,0.8009662,4
polblogs,0.1,1,0.0249193,0.4257419,0.6979606,0.6305432,0.7953353,3
polblogs,0.1,2,0.0242858,0.4257699,0.7135863,0.632723,0.8070666,3
polblogs,0.1,3,0.026655,0.4259951,0.7038153,0.47373,0.8009662,4
polblogs,0.1,4,0.0275152,0.4259951,0.7038153,0.47373,0.8009662,4
polblogs,0.1,5,0.0268497,0.4259951,0.7038153,0.47373,0.8009662,4
polblogs,0.1,6,0.0267241,0.4259951,0.7038153,0.47373,0.8009662,4
polblogs,0.1,7,0.0246058,0.4259951,0.7038153,0.47373,0.8009662,4
polblogs,0.1,8,0.0272179,0.4257419,0.6979606,0.6305432,0.7953353,3
polblogs,0.1,9,0.0244672,0.4259951,0.7038153,0.47373,0.8009662,4
polblogs,0.2,0,0.0340459,0.4259951,0.7038153,0.47373,0.8009662,4
polblogs,0.2,1,0.031574,0.4257699,0.7135863,0.632723,0.8070666,3
polblogs,0.2,2,0.0316963,0.4259951,0.7038153,0.47373,0.8009662,4
polblogs,0.2,3,0.0320456,0.4258966,0.7092379,0.6321824,0.8040164,3
polblogs,0.2,4,0.0320299,0.4259951,0.7038153,0.47373,0.8009662,4
polblogs,0.2,5,0.0343785,0.4259951,0.7038153,0.47373,0.8009662,4
polblogs,0.2,6,0.0318277,0.4259951,0.7038153,0.47373,0.8009662,4
polblogs,0.2,7,0.0316842,0.4259951,0.7038153,0.47373,0.8009662,4
polblogs,0.2,8,0.0315025,0.4259951,0.7038153,0.47373,0.8009662,4
polblogs,0.2,9,0.0333333,0.4257699,0.7135863,0.632723,0.8070666,3
polblogs,0.3,0,0.040005,0.4258095,0.700775,0.4733168,0.798036,4
polblogs,0.3,1,0.0403285,0.4258095,0.700775,0.4733168,0.798036,4
polblogs,0.3,2,0.0378928,0.4254849,0.7160579,0.9490665,0.807192,2
polblogs,0.3,3,0.0381994,0.4258095,0.700775,0.4733168,0.798036,4
polblogs,0.3,4,0.0377991,0.4255838,0.7104988,0.632172,0.8041257,3
polblogs,0.3,5,0.037396,0.4255838,0.7104988,0.632172,0.8041257,3
polblogs,0.3,6,0.0391374,0.4255838,0.7104988,0.632172,0.8041257,3
polblogs,0.3,7,0.0393662,0.4255838,0.7104988,0.632172,0.8041257,3
polblogs,0.3,8,0.0390596,0.4255838,0.7104988,0.632172,0.8041257,3
polblogs,0.3,9,0.0377157,0.4258095,0.700775,0.4733168,0.798036,4
polblogs,0.4,0,0.0448756,0.4258625,0.6990017,0.632172,0.7995509,4
polblogs,0.4,1,0.0435131,0.4258625,0.6990017,0.632172,0.7995509,4
polblogs,0.4,2,0.0425794,0.4258625,0.6990017,0.632172,0.7995509,4
polblogs,0.4,3,0.045644,0.4258625,0.6990017,0.632172,0.7995509,4
polblogs,0.4,4,0.0434189,0.4258625,0.6990017,0.632172,0.7995509,4
polblogs,0.4,5,0.0435364,0.4258625,0.6990017,0.632172,0.7995509,4
polblogs,0.4,6,0.0429022,0.4258625,0.6990017,0.632172,0.7995509,4
polblogs,0.4,7,0.0431018,0.4258625,0.6990017,0.632172,0.7995509,4
polblogs,0.4,8,0.0432823,0.4258625,0.6990017,0.632172,0.7995509,4
polblogs,0.4,9,0.0431535,0.4258625,0.6990017,0.632172,0.7995509,4
polblogs,0.5,0,0.0477204,0.4260466,0.7051431,0.6332739,0.8054221,4
polblogs,0.5,1,0.0465136,0.4260466,0.7051431,0.6332739,0.8054221,4
polblogs,0.5,2,0.0464001,0.4260466,0.7051431,0.6332739,0.8054221,4
polblogs,0.5,3,0.0462232,0.4260466,0.7051431,0.6332739,0.8054221,4
polblogs,0.5,4,0.0456061,0.4260466,0.7051431,0.6332739,0.8054221,4
polblogs,0.5,5,0.0461524,0.4260466,0.7051431,0.6332739,0.8054221,4
polblogs,0.5,6,0.046643,0.4260466,0.7051431,0.6332739,0.8054221,4
polblogs,0.5,7,0.0465229,0.4260466,0.7051431,0.6332739,0.8054221,4
polblogs,0.5,8,0.0458233,0.4260466,0.7051431,0.6332739,0.8054221,4
polblogs,0.5,9,0.0458384,0.4260466,0.7051431,0.6332739,0.8054221,4
polblogs,0.6,0,0.0499191,0.4260243,0.7060572,0.6335545,0.8068406,4
polblogs,0.6,1,0.0492048,0.4260243,0.7060572,0.6335545,0.8068406,4
polblogs,0.6,2,0.0492489,0.4260243,0.7060572,0.6335545,0.8068406,4
polblogs,0.6,3,0.0482435,0.4260243,0.7060572,0.6335545,0.8068406,4
polblogs,0.6,4,0.0482051,0.4260243,0.7060572,0.6335545,0.8068406,4
polblogs,0.6,5,0.048584,0.4260243,0.7060572,0.6335545,0.8068406,4
polblogs,0.6,6,0.0486956,0.4260243,0.7060572,0.6335545,0.8068406,4
polblogs,0.6,7,0.049509,0.4260243,0.7060572,0.6335545,0.8068406,4
polblogs,0.6,8,0.0482795,0.4260243,0.7060572,0.6335545,0.8068406,4
polblogs,0.6,9,0.0485933,0.4260243,0.7060572,0.6335545,0.8068406,4
polblogs,0.7,0,0.0517077,0.4261654,0.6892838,0.315999,0.799824,7
polblogs,0.7,1,0.049613,0.4261129,0.6986606,0.3797297,0.8041581,6
polblogs,0.7,2,0.1157525,0.4260613,0.700296,0.3797297,0.8026351,6
polblogs,0.7,3,0.0509951,0.4261654,0.6892838,0.315999,0.799824,7
polblogs,0.7,4,0.0507843,0.4261654,0.6892838,0.315999,0.799824,7
polblogs,0.7,5,0.0502949,0.4261654,0.6892838,0.315999,0.799824,7
polblogs,0.7,6,0.049948,0.4261654,0.6892838,0.315999,0.799824,7
polblogs,0.7,7,0.049542,0.4261654,0.6892838,0.315999,0.799824,7
polblogs,0.7,8,0.050591,0.4261654,0.6892838,0.315999,0.799824,7
polblogs,0.7,9,0.0517349,0.4261654,0.6892838,0.315999,0.799824,7
polblogs,0.8,0,0.0556967,0.4263482,0.6871654,0.2106102,0.8001258,10
polblogs,0.8,1,0.0515809,0.426383,0.682807,0.21052,0.7985846,10
polblogs,0.8,2,0.0520575,0.4263373,0.6821704,0.2103212,0.7958153,10
polblogs,0.8,3,0.0519364,0.4262751,0.6911326,0.2370762,0.8013716,9
polblogs,0.8,4,0.051379,0.426933,0.6518999,0.2089631,0.7826483,10
polblogs,0.8,5,0.0517375,0.4262641,0.6891001,0.2369603,0.7999805,9
polblogs,0.8,6,0.0516119,0.4263482,0.6871654,0.2106102,0.8001258,10
polblogs,0.8,7,0.0515902,0.4263373,0.6821704,0.2103212,0.7958153,10
polblogs,0.8,8,0.0513911,0.4262966,0.6886895,0.2106102,0.7986001,10
polblogs,0.8,9,0.052371,0.426933,0.6518999,0.2089631,0.7826483,10
polblogs,0.9,0,0.0545762,0.427112,0.6350052,0.186102,0.7683152,11
polblogs,0.9,1,0.0531604,0.4264616,0.6492104,0.1699925,0.778163,12
polblogs,0.9,2,0.0525136,0.4264462,0.6568621,0.1702402,0.782403,12
polblogs,0.9,3,0.0526552,0.4264693,0.6509945,0.1700794,0.7795111,12
polblogs,0.9,4,0.052166,0.4264896,0.6466235,0.1557467,0.7768095,13
polblogs,0.9,5,0.1138465,0.4264896,0.6466235,0.1557467,0.7768095,13
polblogs,0.9,6,0.0539238,0.4263424,0.6798976,0.1883888,0.7963478,11
polblogs,0.9,7,0.0537114,0.4270694,0.6448516,0.2071907,0.7738764,10
polblogs,0.9,8,0.0528867,0.427114,0.6320054,0.1859338,0.7654496,11
polblogs,0.9,9,0.0529809,0.4269907,0.6444723,0.1876229,0.7787146,11
polblogs,1.0,0,0.0149198,0.4268252,0.6349792,0.2067002,0.766791,10
polblogs,1.0,1,0.0140369,0.427114,0.6320054,0.1859338,0.7654496,11
polblogs,1.0,2,0.0143316,0.427114,0.6320054,0.1859338,0.7654496,11
polblogs,1.0,3,0.014725,0.4269748,0.6407191,0.1861739,0.7729947,11
polblogs,1.0,4,0.0145385,0.427114,0.6320054,0.1859338,0.7654496,11
polblogs,1.0,5,0.0144606,0.4268892,0.6546013,0.1871952,0.7840096,11
polblogs,1.0,6,0.0141175,0.427114,0.6320054,0.1859338,0.7654496,11
polblogs,1.0,7,0.014123,0.42706,0.6550115,0.208125,0.7836155,10
polblogs,1.0,8,0.0137177,0.4268905,0.6502292,0.207377,0.7783308,10
polblogs,1.0,9,0.0140886,0.4270852,0.6308458,0.1857655,0.7641524,11
