Graph,Core_Ratio,Centrality_Method,Repeat,Time,Modularity,NMI,F1_Score,ARI,Num_Communities
100,0.4,pagerank,0,0.0034807,0.5085427,0.9610441,0.9765813,0.9559589,7
100,0.4,pagerank,1,0.002815,0.5036777,0.9340579,0.8282799,0.8696747,6
100,0.4,pagerank,2,0.0024738,0.5085427,0.9610441,0.9765813,0.9559589,7
100,0.4,pagerank,3,0.0026753,0.5085427,0.9610441,0.9765813,0.9559589,7
100,0.4,pagerank,4,0.0024717,0.5085427,0.9610441,0.9765813,0.9559589,7
500,0.4,pagerank,0,0.0142963,0.6386466,0.935059,0.6670463,0.779504,19
500,0.4,pagerank,1,0.0130589,0.6381326,0.9365631,0.6626152,0.7905573,19
500,0.4,pagerank,2,0.0153508,0.6396527,0.9294097,0.6289052,0.758971,18
500,0.4,pagerank,3,0.0131314,0.6386466,0.935059,0.6670463,0.779504,19
500,0.4,pagerank,4,0.0139427,0.6356046,0.9256041,0.6277787,0.7595205,18
1000,0.4,pagerank,0,0.0281527,0.6583178,0.9524057,0.671853,0.8555725,29
1000,0.4,pagerank,1,0.0273867,0.6582652,0.9522681,0.672165,0.8548775,29
1000,0.4,pagerank,2,0.0270221,0.6579452,0.9513734,0.6741118,0.8505084,29
1000,0.4,pagerank,3,0.0266685,0.65881,0.9489105,0.6475112,0.8435621,28
1000,0.4,pagerank,4,0.0269585,0.6579452,0.9513734,0.6741118,0.8505084,29
5000,0.4,pagerank,0,0.2944233,0.6863453,0.9105734,0.4140337,0.6242553,80
5000,0.4,pagerank,1,0.2343614,0.6863771,0.9144031,0.4246301,0.6448785,82
5000,0.4,pagerank,2,0.2462869,0.6863819,0.9123065,0.4118258,0.6363472,80
5000,0.4,pagerank,3,0.2453141,0.6868277,0.912303,0.4127818,0.6389702,80
5000,0.4,pagerank,4,0.2413747,0.6866089,0.9147907,0.4237762,0.6490394,82
10000,0.4,pagerank,0,0.6664457,0.6906002,0.9089441,0.380438,0.5943474,132
10000,0.4,pagerank,1,0.7142251,0.6903336,0.9035144,0.3648004,0.5727573,128
10000,0.4,pagerank,2,0.6066461,0.6904381,0.902406,0.3704753,0.5660693,127
10000,0.4,pagerank,3,0.7082684,0.6901937,0.8996613,0.3587273,0.5575462,126
10000,0.4,pagerank,4,0.6262612,0.69023,0.90201,0.364722,0.5667737,129
50000,0.4,pagerank,0,11.7508984,0.6978333,0.8916588,0.2336605,0.4589362,306
50000,0.4,pagerank,1,12.0462637,0.6977988,0.8897955,0.2269148,0.4528793,299
50000,0.4,pagerank,2,12.1520677,0.697871,0.8957846,0.2394966,0.478441,313
50000,0.4,pagerank,3,11.9620147,0.6978937,0.8925327,0.2284157,0.464786,301
50000,0.4,pagerank,4,12.1714218,0.6978166,0.8918394,0.2317234,0.4592955,304
100000,0.4,pagerank,0,49.4830794,0.6989283,0.8918033,0.1577216,0.4478408,355
100000,0.4,pagerank,1,48.5752337,0.698921,0.8933999,0.1608973,0.4549105,360
100000,0.4,pagerank,2,49.2959459,0.6988484,0.890533,0.1567822,0.4408046,354
100000,0.4,pagerank,3,49.8909471,0.6988464,0.8916185,0.1606403,0.4462499,359
100000,0.4,pagerank,4,48.5886943,0.6989007,0.8925264,0.1577922,0.4525948,358
100000,0.4,pagerank,0,51.0219321,0.4992368,0.856842,0.1178536,0.3227048,296
100000,0.4,pagerank,1,52.1392968,0.4993246,0.8557446,0.1104579,0.3230179,283
100000,0.4,pagerank,2,52.0035262,0.4992662,0.8546592,0.1104125,0.3186274,283
100000,0.4,pagerank,3,54.5593424,0.4992128,0.8527887,0.1077045,0.3131089,276
100000,0.4,pagerank,4,58.2412121,0.4993081,0.8546771,0.1118721,0.3166584,285
100,0.0,pagerank,0,0.0013466,0.5190011,0.9799254,0.9907449,0.9770282,7
100,0.4,pagerank,0,0.0036204,0.5036777,0.9340579,0.8282799,0.8696747,6
100,0.5,pagerank,0,0.0030346,0.4897425,0.8825904,0.7580667,0.8290503,6
100,0.6,pagerank,0,0.0029266,0.501272,0.881741,0.6593163,0.8178069,5
100,1.0,pagerank,0,0.0010288,0.5190514,1.0,1.0,1.0,7
500,0.0,pagerank,0,0.0056355,0.6451425,0.9911458,0.9534128,0.9606665,25
500,0.4,pagerank,0,0.0127826,0.6386466,0.935059,0.6670463,0.779504,19
500,0.5,pagerank,0,0.0133228,0.6418404,0.9423602,0.6172875,0.8342011,18
500,0.6,pagerank,0,0.015368,0.6431509,0.9295123,0.537439,0.8011187,16
500,1.0,pagerank,0,0.0041745,0.6488082,0.984098,0.8578293,0.9559924,23
1000,0.0,pagerank,0,0.0118749,0.6622044,0.9898742,0.9396282,0.9506334,38
1000,0.4,pagerank,0,0.0380776,0.6583178,0.9524057,0.671853,0.8555725,29
1000,0.5,pagerank,0,0.0302234,0.6618414,0.9443132,0.5950604,0.8297419,26
1000,0.6,pagerank,0,0.0330944,0.6632353,0.954921,0.6236809,0.868003,27
1000,1.0,pagerank,0,0.0096662,0.6655598,0.9714914,0.7017511,0.9303427,30
5000,0.0,pagerank,0,0.0863116,0.6889731,0.9978324,0.9840763,0.9798262,163
5000,0.4,pagerank,0,0.1863413,0.6870087,0.9131937,0.4126746,0.6423082,80
5000,0.5,pagerank,0,0.2670376,0.6887893,0.9189719,0.3748842,0.6802226,75
5000,0.6,pagerank,0,0.2316313,0.6900393,0.9160441,0.3161492,0.6830176,65
5000,1.0,pagerank,0,0.0763652,0.6918388,0.9358194,0.3914983,0.7613522,77
10000,0.0,pagerank,0,0.2301602,0.6922193,0.999917,0.9954545,0.9999186,286
10000,0.4,pagerank,0,0.4183309,0.6905601,0.9041658,0.3741931,0.5733267,129
10000,0.5,pagerank,0,0.4678271,0.6923976,0.9056392,0.2864097,0.6054988,104
10000,0.6,pagerank,0,0.6291268,0.6937876,0.9093383,0.2566633,0.6245149,95
10000,1.0,pagerank,0,0.2091804,0.6950442,0.9256113,0.3124776,0.6928079,110
50000,0.0,pagerank,0,2.1727593,0.4979769,0.9993524,0.9927071,0.9937913,987
50000,0.4,pagerank,0,4.3724604,0.498689,0.8509799,0.1312917,0.3302956,200
50000,0.5,pagerank,0,5.1993666,0.499942,0.8550393,0.0881495,0.3505442,155
50000,0.6,pagerank,0,5.064631,0.5005834,0.8630479,0.0889226,0.3780047,157
50000,1.0,pagerank,0,3.1823945,0.5014629,0.8828278,0.1220147,0.4453664,193
100000,0.0,pagerank,0,7.0326831,0.4986375,0.9995055,0.993444,0.9953095,1557
100000,0.4,pagerank,0,11.0395434,0.4991988,0.8547954,0.1142953,0.3173688,290
100000,0.5,pagerank,0,13.0773423,0.5001513,0.8606569,0.0758848,0.3432905,225
100000,0.6,pagerank,0,14.9753284,0.5005664,0.8680869,0.0794472,0.3685533,230
100000,1.0,pagerank,0,13.0030627,0.5011849,0.8833424,0.1038414,0.4218896,273
