Graph,Repeat,Algorithm,Time,Modularity,NMI,F1_Score,ARI,Num_Communities,Is_Overlapping
karate,0,Leiden-LPA_Hybrid,0.0021248,0.3717949,0.677243,0.9411765,0.7716263,2,False
karate,0,Pure_Leiden,0.0004339,0.4197896,0.5878497,0.3860837,0.4645911,4,False
karate,0,Pure_LPA,0.0001307,0.3621795,0.4875429,0.5098901,0.4898759,3,False
karate,1,Leiden-LPA_Hybrid,0.0093319,0.3717949,0.677243,0.9411765,0.7716263,2,False
karate,1,Pure_Leiden,0.0004478,0.4197896,0.5878497,0.3860837,0.4645911,4,False
karate,1,Pure_LPA,0.0001845,0.3362919,0.5610231,0.5682111,0.5492194,3,False
karate,2,Leiden-LPA_Hybrid,0.0024471,0.3717949,0.677243,0.9411765,0.7716263,2,False
karate,2,Pure_Leiden,0.000428,0.4197896,0.5878497,0.3860837,0.4645911,4,False
karate,2,Pure_LPA,0.000129,0.3621795,0.4875429,0.5098901,0.4898759,3,False
karate,3,Leiden-LPA_Hybrid,0.0077863,0.3717949,0.677243,0.9411765,0.7716263,2,False
karate,3,Pure_Leiden,0.0004771,0.4197896,0.5878497,0.3860837,0.4645911,4,False
karate,3,Pure_LPA,0.0001774,0.3621795,0.4875429,0.5098901,0.4898759,3,False
karate,4,Leiden-LPA_Hybrid,0.0014727,0.3717949,0.677243,0.9411765,0.7716263,2,False
karate,4,Pure_Leiden,0.0003836,0.4197896,0.5878497,0.3860837,0.4645911,4,False
karate,4,Pure_LPA,0.0001838,0.3362919,0.5610231,0.5682111,0.5492194,3,False
cora,0,Leiden-LPA_Hybrid,0.0337088,0.7805193,0.4493595,0.0781947,0.2727279,52,False
cora,0,Pure_Leiden,0.0177605,0.8129667,0.4795868,0.1345536,0.3016503,29,False
cora,0,Pure_LPA,0.0136292,0.7041116,0.4232199,0.0145075,0.1614106,184,False
cora,1,Leiden-LPA_Hybrid,0.0297472,0.7819769,0.4508557,0.0733978,0.2978748,55,False
cora,1,Pure_Leiden,0.0179126,0.8129667,0.4795868,0.1345536,0.3016503,29,False
cora,1,Pure_LPA,0.0167644,0.7175911,0.4229577,0.0159293,0.1765301,176,False
cora,2,Leiden-LPA_Hybrid,0.0275209,0.7793784,0.4451804,0.0695,0.2726709,54,False
cora,2,Pure_Leiden,0.0175674,0.8129667,0.4795868,0.1345536,0.3016503,29,False
cora,2,Pure_LPA,0.0142882,0.7041116,0.4232199,0.0145075,0.1614106,184,False
cora,3,Leiden-LPA_Hybrid,0.0295446,0.7824129,0.4499339,0.0636367,0.2614774,56,False
cora,3,Pure_Leiden,0.0173392,0.8129667,0.4795868,0.1345536,0.3016503,29,False
cora,3,Pure_LPA,0.0147686,0.7041116,0.4232199,0.0145075,0.1614106,184,False
cora,4,Leiden-LPA_Hybrid,0.0291719,0.7763003,0.4410561,0.0715044,0.2653694,55,False
cora,4,Pure_Leiden,0.0172729,0.8132368,0.4607939,0.1474342,0.2912724,27,False
cora,4,Pure_LPA,0.0161982,0.7175911,0.4229577,0.0159293,0.1765301,176,False
citeseer,0,Leiden-LPA_Hybrid,0.0249848,0.8038497,0.3477831,0.0125941,0.1240579,161,False
citeseer,0,Pure_Leiden,0.012965,0.8563826,0.3355263,0.0610358,0.1680955,37,False
citeseer,0,Pure_LPA,0.0158374,0.701902,0.336243,0.003038,0.0311785,280,False
citeseer,1,Leiden-LPA_Hybrid,0.0215862,0.805494,0.3533543,0.0126691,0.129702,161,False
citeseer,1,Pure_Leiden,0.0159247,0.8563826,0.3355263,0.0610358,0.1680955,37,False
citeseer,1,Pure_LPA,0.014569,0.7412154,0.3408741,0.0041084,0.0592161,280,False
citeseer,2,Leiden-LPA_Hybrid,0.0245368,0.8014976,0.3490817,0.0111414,0.121489,164,False
citeseer,2,Pure_Leiden,0.013504,0.8563826,0.3355263,0.0610358,0.1680955,37,False
citeseer,2,Pure_LPA,0.0166721,0.701902,0.336243,0.003038,0.0311785,280,False
citeseer,3,Leiden-LPA_Hybrid,0.025321,0.803956,0.3516065,0.0111398,0.1293693,161,False
citeseer,3,Pure_Leiden,0.0136611,0.8563826,0.3355263,0.0610358,0.1680955,37,False
citeseer,3,Pure_LPA,0.0169621,0.701902,0.336243,0.003038,0.0311785,280,False
citeseer,4,Leiden-LPA_Hybrid,0.024493,0.8033606,0.3535475,0.0126558,0.1300742,163,False
citeseer,4,Pure_Leiden,0.0131962,0.8559187,0.3389899,0.0545777,0.1573446,39,False
citeseer,4,Pure_LPA,0.0155661,0.7412154,0.3408741,0.0041084,0.0592161,280,False
pubmed,0,Leiden-LPA_Hybrid,0.2522986,0.7712657,0.1944183,0.0112741,0.0994798,83,False
pubmed,0,Pure_Leiden,0.416477,0.7834209,0.2103366,0.0281158,0.0957078,42,False
pubmed,0,Pure_LPA,0.2066057,0.6228535,0.1756612,0.0002389,0.0121336,1343,False
pubmed,1,Leiden-LPA_Hybrid,0.2762306,0.7730977,0.2114439,0.0166533,0.1116368,80,False
pubmed,1,Pure_Leiden,0.421454,0.7834209,0.2103366,0.0281158,0.0957078,42,False
pubmed,1,Pure_LPA,0.2063186,0.6361059,0.1788222,0.0004099,0.0286172,1266,False
pubmed,2,Leiden-LPA_Hybrid,0.2474148,0.7695574,0.2131204,0.0173163,0.1295372,81,False
pubmed,2,Pure_Leiden,0.4168289,0.7834209,0.2103366,0.0281158,0.0957078,42,False
pubmed,2,Pure_LPA,0.2410247,0.6228535,0.1756612,0.0002389,0.0121336,1343,False
pubmed,3,Leiden-LPA_Hybrid,0.3270583,0.7731241,0.2085101,0.0153183,0.1112508,83,False
pubmed,3,Pure_Leiden,0.4229193,0.7834209,0.2103366,0.0281158,0.0957078,42,False
pubmed,3,Pure_LPA,0.2790847,0.6228535,0.1756612,0.0002389,0.0121336,1343,False
pubmed,4,Leiden-LPA_Hybrid,0.2720888,0.7699554,0.2142019,0.0162445,0.1405154,82,False
pubmed,4,Pure_Leiden,0.4149556,0.7834972,0.2092818,0.025048,0.0950818,41,False
pubmed,4,Pure_LPA,0.2160687,0.6361059,0.1788222,0.0004099,0.0286172,1266,False
polblogs,0,Leiden-LPA_Hybrid,0.0435445,0.4255838,0.7104988,0.632172,0.8041257,3,False
polblogs,0,Pure_Leiden,0.0153856,0.4268252,0.6349792,0.2067002,0.766791,10,False
polblogs,0,Pure_LPA,0.0147307,0.4259809,0.700775,0.4733168,0.798036,4,False
polblogs,1,Leiden-LPA_Hybrid,0.0439565,0.4257107,0.7061717,0.6316314,0.8010808,3,False
polblogs,1,Pure_Leiden,0.0154772,0.4268252,0.6349792,0.2067002,0.766791,10,False
polblogs,1,Pure_LPA,0.0146956,0.4259809,0.700775,0.4733168,0.798036,4,False
polblogs,2,Leiden-LPA_Hybrid,0.0504489,0.4258095,0.700775,0.4733168,0.798036,4,False
polblogs,2,Pure_Leiden,0.0157135,0.4268252,0.6349792,0.2067002,0.766791,10,False
polblogs,2,Pure_LPA,0.0144687,0.4259809,0.700775,0.4733168,0.798036,4,False
polblogs,3,Leiden-LPA_Hybrid,0.0421789,0.4258095,0.700775,0.4733168,0.798036,4,False
polblogs,3,Pure_Leiden,0.0158763,0.4268252,0.6349792,0.2067002,0.766791,10,False
polblogs,3,Pure_LPA,0.0157764,0.4259809,0.700775,0.4733168,0.798036,4,False
polblogs,4,Leiden-LPA_Hybrid,0.0421216,0.4258095,0.700775,0.4733168,0.798036,4,False
polblogs,4,Pure_Leiden,0.0144093,0.427114,0.6320054,0.1859338,0.7654496,11,False
polblogs,4,Pure_LPA,0.0149295,0.4259809,0.700775,0.4733168,0.798036,4,False
dolphin,0,Leiden-LPA_Hybrid,0.0015867,0.5117875,0.5132996,0.3464755,0.3659626,5,False
dolphin,0,Pure_Leiden,0.0009527,0.5277283,0.593211,0.3423077,0.3901613,5,False
dolphin,0,Pure_LPA,0.0003078,0.5036193,0.5820904,0.4606061,0.4169634,5,False
dolphin,1,Leiden-LPA_Hybrid,0.0019357,0.4525731,0.7718091,0.8324324,0.6699105,3,False
dolphin,1,Pure_Leiden,0.0005875,0.5277283,0.593211,0.3423077,0.3901613,5,False
dolphin,1,Pure_LPA,0.000432,0.5012658,0.5912958,0.4410675,0.4498735,5,False
dolphin,2,Leiden-LPA_Hybrid,0.0018251,0.4525731,0.7718091,0.8324324,0.6699105,3,False
dolphin,2,Pure_Leiden,0.0006132,0.5277283,0.593211,0.3423077,0.3901613,5,False
dolphin,2,Pure_LPA,0.0003021,0.5036193,0.5820904,0.4606061,0.4169634,5,False
dolphin,3,Leiden-LPA_Hybrid,0.0024755,0.4525731,0.7718091,0.8324324,0.6699105,3,False
dolphin,3,Pure_Leiden,0.0005388,0.5277283,0.593211,0.3423077,0.3901613,5,False
dolphin,3,Pure_LPA,0.000349,0.5036193,0.5820904,0.4606061,0.4169634,5,False
dolphin,4,Leiden-LPA_Hybrid,0.0022771,0.5117875,0.5132996,0.3464755,0.3659626,5,False
dolphin,4,Pure_Leiden,0.0005314,0.5195799,0.4742528,0.232084,0.2708499,6,False
dolphin,4,Pure_LPA,0.0003805,0.5012658,0.5912958,0.4410675,0.4498735,5,False
football,0,Leiden-LPA_Hybrid,0.0023911,0.518027,0.6851589,0.2912088,0.3999177,5,False
football,0,Pure_Leiden,0.0010045,0.6045696,0.8903166,0.7659458,0.8069409,10,False
football,0,Pure_LPA,0.0006237,0.590537,0.8772491,0.6415882,0.7572247,10,False
football,1,Leiden-LPA_Hybrid,0.0029035,0.5234133,0.6838863,0.2908711,0.4020978,5,False
football,1,Pure_Leiden,0.001157,0.6045696,0.8903166,0.7659458,0.8069409,10,False
football,1,Pure_LPA,0.0006413,0.5670132,0.8351636,0.5996479,0.6663092,10,False
football,2,Leiden-LPA_Hybrid,0.002238,0.516409,0.6860755,0.292316,0.3873006,5,False
football,2,Pure_Leiden,0.0010035,0.6045696,0.8903166,0.7659458,0.8069409,10,False
football,2,Pure_LPA,0.0007796,0.590537,0.8772491,0.6415882,0.7572247,10,False
football,3,Leiden-LPA_Hybrid,0.0025959,0.5234133,0.6838863,0.2908711,0.4020978,5,False
football,3,Pure_Leiden,0.0011292,0.6045696,0.8903166,0.7659458,0.8069409,10,False
football,3,Pure_LPA,0.000737,0.590537,0.8772491,0.6415882,0.7572247,10,False
football,4,Leiden-LPA_Hybrid,0.0025568,0.5234133,0.6838863,0.2908711,0.4020978,5,False
football,4,Pure_Leiden,0.0008101,0.6045696,0.8903166,0.7659458,0.8069409,10,False
football,4,Pure_LPA,0.0005324,0.5670132,0.8351636,0.5996479,0.6663092,10,False
mexican,0,Leiden-LPA_Hybrid,0.001348,0.3212433,0.263834,0.788975,0.1604013,3,False
mexican,0,Pure_Leiden,0.0003922,0.3595222,0.2601049,0.542351,0.2100614,4,False
mexican,0,Pure_LPA,0.0002623,0.2064431,0.1791649,0.72,0.2592849,2,False
mexican,1,Leiden-LPA_Hybrid,0.001328,0.3214625,0.2465511,0.4251852,0.1511658,3,False
mexican,1,Pure_Leiden,0.0003402,0.3595222,0.2601049,0.542351,0.2100614,4,False
mexican,1,Pure_LPA,0.0002191,0.1551246,0.0831292,0.6260684,0.1336735,2,False
mexican,2,Leiden-LPA_Hybrid,0.0011225,0.3135729,0.2400727,0.7822222,0.1468781,3,False
mexican,2,Pure_Leiden,0.0004582,0.3595222,0.2601049,0.542351,0.2100614,4,False
mexican,2,Pure_LPA,0.0002146,0.2064431,0.1791649,0.72,0.2592849,2,False
mexican,3,Leiden-LPA_Hybrid,0.0017672,0.2887355,0.2307778,0.40553,0.0973749,4,False
mexican,3,Pure_Leiden,0.0003505,0.3595222,0.2601049,0.542351,0.2100614,4,False
mexican,3,Pure_LPA,0.0003617,0.2064431,0.1791649,0.72,0.2592849,2,False
mexican,4,Leiden-LPA_Hybrid,0.0013888,0.3223391,0.2824919,0.6857143,0.1989981,3,False
mexican,4,Pure_Leiden,0.0003715,0.3536051,0.2220654,0.8011364,0.1986178,3,False
mexican,4,Pure_LPA,0.0002151,0.1551246,0.0831292,0.6260684,0.1336735,2,False
com-dblp,0,Leiden-LPA_Hybrid,15.5598595,0.8187891,,,,1288,True
com-dblp,0,Pure_Leiden,86.3010809,0.8298683,,,,245,True
com-dblp,0,Pure_LPA,8.4209034,0.6931517,,,,19696,True
com-dblp,1,Leiden-LPA_Hybrid,16.3915479,0.8189565,,,,1265,True
com-dblp,1,Pure_Leiden,87.6757839,0.8298683,,,,245,True
com-dblp,1,Pure_LPA,8.9300306,0.6951124,,,,19898,True
com-dblp,2,Leiden-LPA_Hybrid,16.2009552,0.8189883,,,,1243,True
com-dblp,2,Pure_Leiden,89.6982725,0.8298683,,,,245,True
com-dblp,2,Pure_LPA,9.1418383,0.6931517,,,,19696,True
com-dblp,3,Leiden-LPA_Hybrid,16.7510347,0.818787,,,,1264,True
com-dblp,3,Pure_Leiden,88.235394,0.8298683,,,,245,True
com-dblp,3,Pure_LPA,11.7560706,0.6931517,,,,19696,True
com-dblp,4,Leiden-LPA_Hybrid,19.1295292,0.8184395,,,,1271,True
com-dblp,4,Pure_Leiden,88.1721077,0.8304274,,,,230,True
com-dblp,4,Pure_LPA,11.9957199,0.6951124,,,,19898,True
com-amazon,0,Leiden-LPA_Hybrid,23.1810515,0.9060056,,,,5763,True
com-amazon,0,Pure_Leiden,97.4131134,0.9321221,,,,376,True
com-amazon,0,Pure_LPA,8.3809826,0.7628812,,,,24072,True
com-amazon,1,Leiden-LPA_Hybrid,25.1687026,0.9056624,,,,5798,True
com-amazon,1,Pure_Leiden,100.751323,0.9321221,,,,376,True
com-amazon,1,Pure_LPA,8.823113,0.7644428,,,,23924,True
com-amazon,2,Leiden-LPA_Hybrid,25.8117952,0.9059671,,,,5802,True
com-amazon,2,Pure_Leiden,99.6866636,0.9321221,,,,376,True
com-amazon,2,Pure_LPA,8.7827106,0.7628812,,,,24072,True
com-amazon,3,Leiden-LPA_Hybrid,26.8825758,0.9051089,,,,5808,True
com-amazon,3,Pure_Leiden,101.1019621,0.9321221,,,,376,True
com-amazon,3,Pure_LPA,9.8772869,0.7628812,,,,24072,True
com-amazon,4,Leiden-LPA_Hybrid,26.0767217,0.9052777,,,,5769,True
com-amazon,4,Pure_Leiden,100.1637862,0.9322885,,,,369,True
com-amazon,4,Pure_LPA,9.7126567,0.7644428,,,,23924,True
com-youtube,0,Leiden-LPA_Hybrid,210.402302,0.7132265,,,,8619,True
com-youtube,0,Pure_Leiden,2654.2192304,0.7315477,,,,5403,True
com-youtube,0,Pure_LPA,31.7989938,0.5911022,,,,36635,True
com-youtube,1,Leiden-LPA_Hybrid,226.0716765,0.7123942,,,,9024,True
com-youtube,1,Pure_Leiden,3012.0294366,0.7315477,,,,5403,True
com-youtube,1,Pure_LPA,32.6609724,0.5700746,,,,36048,True
com-youtube,2,Leiden-LPA_Hybrid,236.7577522,0.7052972,,,,9695,True
com-youtube,2,Pure_Leiden,3054.7556639,0.7315477,,,,5403,True
com-youtube,2,Pure_LPA,31.2415974,0.5911022,,,,36635,True
com-youtube,3,Leiden-LPA_Hybrid,230.4210429,0.7132954,,,,9099,True
com-youtube,3,Pure_Leiden,2825.967762,0.7315477,,,,5403,True
com-youtube,3,Pure_LPA,34.3444636,0.5911022,,,,36635,True
com-youtube,4,Leiden-LPA_Hybrid,231.7255208,0.7077132,,,,9649,True
com-youtube,4,Pure_Leiden,2816.8406146,0.7316767,,,,5776,True
com-youtube,4,Pure_LPA,34.0554426,0.5700746,,,,36048,True
